run,device,device_name,sm,sm_count,cell,axis,points,voxel_m,pool_blocks,blocks,load_factor,batch,scratch_slots,arm,stage,p50_ms,p95_ms,p99_ms,min_ms,mean_ms,n,gpu_state
1,0,"NVIDIA GeForce RTX 5070 Ti",120,70,base,baseline,320000,0.010000,16384,1160,0.035400,8,65536,A3-cuda,allocate,0.027880,0.028212,0.028380,0.027412,0.027895,30,"2827, 13801, 46, 64.85"
1,0,"NVIDIA GeForce RTX 5070 Ti",120,70,base,baseline,320000,0.010000,16384,1160,0.035400,8,65536,A3-cuda,update,0.249892,0.251932,0.252216,0.246580,0.249669,30,"2827, 13801, 46, 64.85"
1,0,"NVIDIA GeForce RTX 5070 Ti",120,70,base,baseline,320000,0.010000,16384,1160,0.035400,8,65536,A4-rust,allocate,0.037128,0.037840,0.037900,0.036532,0.037112,30,"2827, 13801, 46, 64.85"
1,0,"NVIDIA GeForce RTX 5070 Ti",120,70,base,baseline,320000,0.010000,16384,1160,0.035400,8,65536,A4-rust,update,0.270600,0.272684,0.272900,0.266480,0.270138,30,"2827, 13801, 46, 64.85"
1,0,"NVIDIA GeForce RTX 5070 Ti",120,70,base,baseline,320000,0.010000,16384,1160,0.035400,8,65536,A5-triton,allocate,0.500612,0.502836,0.502964,0.496848,0.500337,30,"2827, 13801, 46, 64.85"
1,0,"NVIDIA GeForce RTX 5070 Ti",120,70,base,baseline,320000,0.010000,16384,1160,0.035400,8,65536,A5-triton,update,0.327164,0.330640,0.330740,0.324608,0.327032,30,"2827, 13801, 46, 64.85"
1,0,"NVIDIA GeForce RTX 5070 Ti",120,70,pts-20k,points,20000,0.010000,16384,1104,0.033691,8,65536,A3-cuda,allocate,0.005024,0.005288,0.005508,0.004792,0.005030,30,"2827, 13801, 45, 122.21"
1,0,"NVIDIA GeForce RTX 5070 Ti",120,70,pts-20k,points,20000,0.010000,16384,1104,0.033691,8,65536,A3-cuda,update,0.034380,0.035212,0.035348,0.033608,0.034449,30,"2827, 13801, 45, 122.21"
1,0,"NVIDIA GeForce RTX 5070 Ti",120,70,pts-20k,points,20000,0.010000,16384,1104,0.033691,8,65536,A4-rust,allocate,0.016652,0.017192,0.017336,0.016440,0.016712,30,"2827, 13801, 45, 122.21"
1,0,"NVIDIA GeForce RTX 5070 Ti",120,70,pts-20k,points,20000,0.010000,16384,1104,0.033691,8,65536,A4-rust,update,0.041008,0.041776,0.042036,0.040188,0.040998,30,"2827, 13801, 45, 122.21"
1,0,"NVIDIA GeForce RTX 5070 Ti",120,70,pts-20k,points,20000,0.010000,16384,1104,0.033691,8,65536,A5-triton,allocate,0.085728,0.086100,0.086408,0.084904,0.085673,30,"2827, 13801, 45, 122.21"
1,0,"NVIDIA GeForce RTX 5070 Ti",120,70,pts-20k,points,20000,0.010000,16384,1104,0.033691,8,65536,A5-triton,update,0.088076,0.088592,0.088724,0.087296,0.088081,30,"2827, 13801, 45, 122.21"
1,0,"NVIDIA GeForce RTX 5070 Ti",120,70,pts-80k,points,80000,0.010000,16384,1160,0.035400,8,65536,A3-cuda,allocate,0.010428,0.010776,0.011540,0.010188,0.010462,30,"2827, 13801, 45, 152.01"
1,0,"NVIDIA GeForce RTX 5070 Ti",120,70,pts-80k,points,80000,0.010000,16384,1160,0.035400,8,65536,A3-cuda,update,0.069568,0.070328,0.071100,0.068660,0.069632,30,"2827, 13801, 45, 152.01"
1,0,"NVIDIA GeForce RTX 5070 Ti",120,70,pts-80k,points,80000,0.010000,16384,1160,0.035400,8,65536,A4-rust,allocate,0.017784,0.018460,0.019036,0.017016,0.017785,30,"2827, 13801, 45, 152.01"
1,0,"NVIDIA GeForce RTX 5070 Ti",120,70,pts-80k,points,80000,0.010000,16384,1160,0.035400,8,65536,A4-rust,update,0.081864,0.083468,0.085808,0.080084,0.082039,30,"2827, 13801, 45, 152.01"
1,0,"NVIDIA GeForce RTX 5070 Ti",120,70,pts-80k,points,80000,0.010000,16384,1160,0.035400,8,65536,A5-triton,allocate,0.149356,0.150068,0.150168,0.148568,0.149281,30,"2827, 13801, 45, 152.01"
1,0,"NVIDIA GeForce RTX 5070 Ti",120,70,pts-80k,points,80000,0.010000,16384,1160,0.035400,8,65536,A5-triton,update,0.118264,0.119168,0.119220,0.117000,0.118194,30,"2827, 13801, 45, 152.01"
1,0,"NVIDIA GeForce RTX 5070 Ti",120,70,pts-720k,points,720000,0.010000,16384,1160,0.035400,8,65536,A3-cuda,allocate,0.051560,0.053128,0.053268,0.050956,0.051762,30,"2827, 13801, 48, 164.24"
1,0,"NVIDIA GeForce RTX 5070 Ti",120,70,pts-720k,points,720000,0.010000,16384,1160,0.035400,8,65536,A3-cuda,update,0.542520,0.547060,0.547328,0.537604,0.542382,30,"2827, 13801, 48, 164.24"
1,0,"NVIDIA GeForce RTX 5070 Ti",120,70,pts-720k,points,720000,0.010000,16384,1160,0.035400,8,65536,A4-rust,allocate,0.063184,0.063784,0.064244,0.062068,0.063132,30,"2827, 13801, 48, 164.24"
1,0,"NVIDIA GeForce RTX 5070 Ti",120,70,pts-720k,points,720000,0.010000,16384,1160,0.035400,8,65536,A4-rust,update,0.564332,0.568976,0.569964,0.557892,0.564208,30,"2827, 13801, 48, 164.24"
1,0,"NVIDIA GeForce RTX 5070 Ti",120,70,pts-720k,points,720000,0.010000,16384,1160,0.035400,8,65536,A5-triton,allocate,1.125724,1.132764,1.133908,1.118088,1.125642,30,"2827, 13801, 48, 164.24"
1,0,"NVIDIA GeForce RTX 5070 Ti",120,70,pts-720k,points,720000,0.010000,16384,1160,0.035400,8,65536,A5-triton,update,0.641116,0.643332,0.643944,0.636508,0.640704,30,"2827, 13801, 48, 164.24"
1,0,"NVIDIA GeForce RTX 5070 Ti",120,70,pts-1280k,points,1280000,0.010000,16384,1160,0.035400,8,65536,A3-cuda,allocate,0.078784,0.080276,0.080292,0.078376,0.079081,30,"2827, 13801, 49, 172.12"
1,0,"NVIDIA GeForce RTX 5070 Ti",120,70,pts-1280k,points,1280000,0.010000,16384,1160,0.035400,8,65536,A3-cuda,update,0.895852,0.901972,0.901992,0.886700,0.895315,30,"2827, 13801, 49, 172.12"
1,0,"NVIDIA GeForce RTX 5070 Ti",120,70,pts-1280k,points,1280000,0.010000,16384,1160,0.035400,8,65536,A4-rust,allocate,0.094936,0.096244,0.096288,0.093364,0.094906,30,"2827, 13801, 49, 172.12"
1,0,"NVIDIA GeForce RTX 5070 Ti",120,70,pts-1280k,points,1280000,0.010000,16384,1160,0.035400,8,65536,A4-rust,update,0.928404,0.935168,0.936952,0.918760,0.928001,30,"2827, 13801, 49, 172.12"
1,0,"NVIDIA GeForce RTX 5070 Ti",120,70,pts-1280k,points,1280000,0.010000,16384,1160,0.035400,8,65536,A5-triton,allocate,1.941480,1.946532,1.946868,1.936016,1.941474,30,"2827, 13801, 49, 172.12"
1,0,"NVIDIA GeForce RTX 5070 Ti",120,70,pts-1280k,points,1280000,0.010000,16384,1160,0.035400,8,65536,A5-triton,update,1.041064,1.047416,1.049592,1.034692,1.041199,30,"2827, 13801, 49, 172.12"
1,0,"NVIDIA GeForce RTX 5070 Ti",120,70,r-0.25,extent,320000,0.010000,16384,280,0.008545,8,65536,A3-cuda,allocate,0.023416,0.024764,0.024920,0.023156,0.023568,30,"2827, 13801, 48, 162.15"
1,0,"NVIDIA GeForce RTX 5070 Ti",120,70,r-0.25,extent,320000,0.010000,16384,280,0.008545,8,65536,A3-cuda,update,0.240312,0.243012,0.243116,0.238332,0.240450,30,"2827, 13801, 48, 162.15"
1,0,"NVIDIA GeForce RTX 5070 Ti",120,70,r-0.25,extent,320000,0.010000,16384,280,0.008545,8,65536,A4-rust,allocate,0.035272,0.036196,0.036372,0.034156,0.035255,30,"2827, 13801, 48, 162.15"
1,0,"NVIDIA GeForce RTX 5070 Ti",120,70,r-0.25,extent,320000,0.010000,16384,280,0.008545,8,65536,A4-rust,update,0.269932,0.273156,0.274736,0.265704,0.270091,30,"2827, 13801, 48, 162.15"
1,0,"NVIDIA GeForce RTX 5070 Ti",120,70,r-0.25,extent,320000,0.010000,16384,280,0.008545,8,65536,A5-triton,allocate,0.500652,0.503488,0.504308,0.497668,0.500549,30,"2827, 13801, 48, 162.15"
1,0,"NVIDIA GeForce RTX 5070 Ti",120,70,r-0.25,extent,320000,0.010000,16384,280,0.008545,8,65536,A5-triton,update,0.307248,0.311164,0.311184,0.303252,0.307270,30,"2827, 13801, 48, 162.15"
1,0,"NVIDIA GeForce RTX 5070 Ti",120,70,r-1.0,extent,320000,0.010000,65536,4752,0.036255,8,65536,A3-cuda,allocate,0.032440,0.032616,0.032684,0.032140,0.032458,30,"2827, 13801, 48, 173.92"
1,0,"NVIDIA GeForce RTX 5070 Ti",120,70,r-1.0,extent,320000,0.010000,65536,4752,0.036255,8,65536,A3-cuda,update,0.278284,0.280448,0.281524,0.275744,0.277944,30,"2827, 13801, 48, 173.92"
1,0,"NVIDIA GeForce RTX 5070 Ti",120,70,r-1.0,extent,320000,0.010000,65536,4752,0.036255,8,65536,A4-rust,allocate,0.041616,0.042052,0.042068,0.040896,0.041512,30,"2827, 13801, 48, 173.92"
1,0,"NVIDIA GeForce RTX 5070 Ti",120,70,r-1.0,extent,320000,0.010000,65536,4752,0.036255,8,65536,A4-rust,update,0.291412,0.292560,0.292628,0.286672,0.290809,30,"2827, 13801, 48, 173.92"
1,0,"NVIDIA GeForce RTX 5070 Ti",120,70,r-1.0,extent,320000,0.010000,65536,4752,0.036255,8,65536,A5-triton,allocate,0.502888,0.505772,0.506756,0.498372,0.502881,30,"2827, 13801, 48, 173.92"
1,0,"NVIDIA GeForce RTX 5070 Ti",120,70,r-1.0,extent,320000,0.010000,65536,4752,0.036255,8,65536,A5-triton,update,0.347640,0.350176,0.350200,0.343536,0.347331,30,"2827, 13801, 48, 173.92"
1,0,"NVIDIA GeForce RTX 5070 Ti",120,70,r-2.0,extent,320000,0.010000,131072,18160,0.069275,8,65536,A3-cuda,allocate,0.044676,0.044960,0.045484,0.044160,0.044676,30,"2827, 13801, 48, 170.16"
1,0,"NVIDIA GeForce RTX 5070 Ti",120,70,r-2.0,extent,320000,0.010000,131072,18160,0.069275,8,65536,A3-cuda,update,0.619408,0.622476,0.622704,0.617740,0.619796,30,"2827, 13801, 48, 170.16"
1,0,"NVIDIA GeForce RTX 5070 Ti",120,70,r-2.0,extent,320000,0.010000,131072,18160,0.069275,8,65536,A4-rust,allocate,0.051836,0.052416,0.052420,0.051036,0.051823,30,"2827, 13801, 48, 170.16"
1,0,"NVIDIA GeForce RTX 5070 Ti",120,70,r-2.0,extent,320000,0.010000,131072,18160,0.069275,8,65536,A4-rust,update,0.595308,0.597848,0.598648,0.591408,0.595209,30,"2827, 13801, 48, 170.16"
1,0,"NVIDIA GeForce RTX 5070 Ti",120,70,r-2.0,extent,320000,0.010000,131072,18160,0.069275,8,65536,A5-triton,allocate,0.507552,0.510600,0.511672,0.504844,0.507580,30,"2827, 13801, 48, 170.16"
1,0,"NVIDIA GeForce RTX 5070 Ti",120,70,r-2.0,extent,320000,0.010000,131072,18160,0.069275,8,65536,A5-triton,update,0.773884,0.776532,0.778228,0.769420,0.773736,30,"2827, 13801, 48, 170.16"
1,0,"NVIDIA GeForce RTX 5070 Ti",120,70,lf-sparse,loadfactor,320000,0.010000,18560,1160,0.017700,8,65536,A3-cuda,allocate,0.028788,0.029416,0.029480,0.027740,0.028694,30,"2827, 13801, 50, 163.27"
1,0,"NVIDIA GeForce RTX 5070 Ti",120,70,lf-sparse,loadfactor,320000,0.010000,18560,1160,0.017700,8,65536,A3-cuda,update,0.253760,0.255384,0.256980,0.250796,0.253668,30,"2827, 13801, 50, 163.27"
1,0,"NVIDIA GeForce RTX 5070 Ti",120,70,lf-sparse,loadfactor,320000,0.010000,18560,1160,0.017700,8,65536,A4-rust,allocate,0.042680,0.043248,0.043300,0.041400,0.042450,30,"2827, 13801, 50, 163.27"
1,0,"NVIDIA GeForce RTX 5070 Ti",120,70,lf-sparse,loadfactor,320000,0.010000,18560,1160,0.017700,8,65536,A4-rust,update,0.274396,0.276184,0.276780,0.271404,0.274121,30,"2827, 13801, 50, 163.27"
1,0,"NVIDIA GeForce RTX 5070 Ti",120,70,lf-sparse,loadfactor,320000,0.010000,18560,1160,0.017700,8,65536,A5-triton,allocate,0.504788,0.507028,0.507220,0.500904,0.504847,30,"2827, 13801, 50, 163.27"
1,0,"NVIDIA GeForce RTX 5070 Ti",120,70,lf-sparse,loadfactor,320000,0.010000,18560,1160,0.017700,8,65536,A5-triton,update,0.331464,0.334244,0.334532,0.328812,0.331556,30,"2827, 13801, 50, 163.27"
1,0,"NVIDIA GeForce RTX 5070 Ti",120,70,plane-320k,shape,320356,0.010000,16384,1060,0.032349,8,65536,A3-cuda,allocate,0.029240,0.029488,0.029544,0.028204,0.028925,30,"2827, 13801, 50, 161.15"
1,0,"NVIDIA GeForce RTX 5070 Ti",120,70,plane-320k,shape,320356,0.010000,16384,1060,0.032349,8,65536,A3-cuda,update,0.333588,0.336676,0.337312,0.330528,0.333667,30,"2827, 13801, 50, 161.15"
1,0,"NVIDIA GeForce RTX 5070 Ti",120,70,plane-320k,shape,320356,0.010000,16384,1060,0.032349,8,65536,A4-rust,allocate,0.035548,0.036060,0.036420,0.034664,0.035537,30,"2827, 13801, 50, 161.15"
1,0,"NVIDIA GeForce RTX 5070 Ti",120,70,plane-320k,shape,320356,0.010000,16384,1060,0.032349,8,65536,A4-rust,update,0.343856,0.347364,0.348180,0.339968,0.343960,30,"2827, 13801, 50, 161.15"
1,0,"NVIDIA GeForce RTX 5070 Ti",120,70,plane-320k,shape,320356,0.010000,16384,1060,0.032349,8,65536,A5-triton,allocate,0.501996,0.504348,0.505000,0.498400,0.501582,30,"2827, 13801, 50, 161.15"
1,0,"NVIDIA GeForce RTX 5070 Ti",120,70,plane-320k,shape,320356,0.010000,16384,1060,0.032349,8,65536,A5-triton,update,0.374904,0.377636,0.377832,0.371076,0.374667,30,"2827, 13801, 50, 161.15"
1,0,"NVIDIA GeForce RTX 5070 Ti",120,70,tartan-cold,real,407444,0.010000,65536,10245,0.078163,8,65536,A3-cuda,allocate,0.037280,0.037532,0.037568,0.037040,0.037290,30,"2827, 13801, 50, 177.83"
1,0,"NVIDIA GeForce RTX 5070 Ti",120,70,tartan-cold,real,407444,0.010000,65536,10245,0.078163,8,65536,A3-cuda,update,0.435208,0.436864,0.437012,0.432360,0.435274,30,"2827, 13801, 50, 177.83"
1,0,"NVIDIA GeForce RTX 5070 Ti",120,70,tartan-cold,real,407444,0.010000,65536,10245,0.078163,8,65536,A4-rust,allocate,0.045696,0.046020,0.046032,0.045516,0.045764,30,"2827, 13801, 50, 177.83"
1,0,"NVIDIA GeForce RTX 5070 Ti",120,70,tartan-cold,real,407444,0.010000,65536,10245,0.078163,8,65536,A4-rust,update,0.440548,0.442076,0.444920,0.437984,0.440464,30,"2827, 13801, 50, 177.83"
1,0,"NVIDIA GeForce RTX 5070 Ti",120,70,tartan-cold,real,407444,0.010000,65536,10245,0.078163,8,65536,A5-triton,allocate,0.663340,0.666924,0.668408,0.660804,0.663416,30,"2827, 13801, 50, 177.83"
1,0,"NVIDIA GeForce RTX 5070 Ti",120,70,tartan-cold,real,407444,0.010000,65536,10245,0.078163,8,65536,A5-triton,update,0.551272,0.553588,0.554072,0.550208,0.551543,30,"2827, 13801, 50, 177.83"
1,0,"NVIDIA GeForce RTX 5070 Ti",120,70,tartan-warm,real,407444,0.010000,65536,14332,0.109344,8,65536,A3-cuda,allocate,0.023180,0.023312,0.023348,0.022756,0.023151,30,"2827, 13801, 52, 195.80"
1,0,"NVIDIA GeForce RTX 5070 Ti",120,70,tartan-warm,real,407444,0.010000,65536,14332,0.109344,8,65536,A3-cuda,update,0.364432,0.366012,0.367396,0.363016,0.364717,30,"2827, 13801, 52, 195.80"
1,0,"NVIDIA GeForce RTX 5070 Ti",120,70,tartan-warm,real,407444,0.010000,65536,14332,0.109344,8,65536,A4-rust,allocate,0.028644,0.028888,0.028992,0.027900,0.028583,30,"2827, 13801, 52, 195.80"
1,0,"NVIDIA GeForce RTX 5070 Ti",120,70,tartan-warm,real,407444,0.010000,65536,14332,0.109344,8,65536,A4-rust,update,0.367800,0.368796,0.368876,0.364756,0.367326,30,"2827, 13801, 52, 195.80"
1,0,"NVIDIA GeForce RTX 5070 Ti",120,70,tartan-warm,real,407444,0.010000,65536,14332,0.109344,8,65536,A5-triton,allocate,0.661388,0.664648,0.665456,0.657396,0.661427,30,"2827, 13801, 52, 195.80"
1,0,"NVIDIA GeForce RTX 5070 Ti",120,70,tartan-warm,real,407444,0.010000,65536,14332,0.109344,8,65536,A5-triton,update,0.470736,0.473412,0.474652,0.466636,0.470436,30,"2827, 13801, 52, 195.80"
1,0,"NVIDIA GeForce RTX 5070 Ti",120,70,tartan-p001,real,374692,0.010000,65536,5582,0.042587,8,65536,A3-cuda,allocate,0.020120,0.020220,0.020248,0.019280,0.020087,30,"2820, 13801, 54, 198.96"
1,0,"NVIDIA GeForce RTX 5070 Ti",120,70,tartan-p001,real,374692,0.010000,65536,5582,0.042587,8,65536,A3-cuda,update,0.192880,0.193956,0.194080,0.192264,0.193101,30,"2820, 13801, 54, 198.96"
1,0,"NVIDIA GeForce RTX 5070 Ti",120,70,tartan-p001,real,374692,0.010000,65536,5582,0.042587,8,65536,A4-rust,allocate,0.026772,0.026892,0.027036,0.026504,0.026760,30,"2820, 13801, 54, 198.96"
1,0,"NVIDIA GeForce RTX 5070 Ti",120,70,tartan-p001,real,374692,0.010000,65536,5582,0.042587,8,65536,A4-rust,update,0.200740,0.202516,0.202952,0.199424,0.200861,30,"2820, 13801, 54, 198.96"
1,0,"NVIDIA GeForce RTX 5070 Ti",120,70,tartan-p001,real,374692,0.010000,65536,5582,0.042587,8,65536,A5-triton,allocate,0.636644,0.639760,0.639972,0.633912,0.636832,30,"2820, 13801, 54, 198.96"
1,0,"NVIDIA GeForce RTX 5070 Ti",120,70,tartan-p001,real,374692,0.010000,65536,5582,0.042587,8,65536,A5-triton,update,0.290680,0.291444,0.291548,0.288892,0.290446,30,"2820, 13801, 54, 198.96"
1,0,"NVIDIA GeForce RTX 5070 Ti",120,70,tartan-p003,real,405269,0.010000,65536,14945,0.114021,8,65536,A3-cuda,allocate,0.023208,0.023336,0.023640,0.022828,0.023217,30,"2820, 13801, 54, 198.47"
1,0,"NVIDIA GeForce RTX 5070 Ti",120,70,tartan-p003,real,405269,0.010000,65536,14945,0.114021,8,65536,A3-cuda,update,0.422788,0.424360,0.424400,0.421408,0.422759,30,"2820, 13801, 54, 198.47"
1,0,"NVIDIA GeForce RTX 5070 Ti",120,70,tartan-p003,real,405269,0.010000,65536,14945,0.114021,8,65536,A4-rust,allocate,0.028960,0.029256,0.029408,0.028792,0.028977,30,"2820, 13801, 54, 198.47"
1,0,"NVIDIA GeForce RTX 5070 Ti",120,70,tartan-p003,real,405269,0.010000,65536,14945,0.114021,8,65536,A4-rust,update,0.429152,0.430964,0.431084,0.427440,0.429151,30,"2820, 13801, 54, 198.47"
1,0,"NVIDIA GeForce RTX 5070 Ti",120,70,tartan-p003,real,405269,0.010000,65536,14945,0.114021,8,65536,A5-triton,allocate,0.660088,0.663588,0.664148,0.655632,0.660220,30,"2820, 13801, 54, 198.47"
1,0,"NVIDIA GeForce RTX 5070 Ti",120,70,tartan-p003,real,405269,0.010000,65536,14945,0.114021,8,65536,A5-triton,update,0.546044,0.547944,0.547948,0.544096,0.546089,30,"2820, 13801, 54, 198.47"
1,0,"NVIDIA GeForce RTX 5070 Ti",120,70,tartan-p004,real,400248,0.010000,65536,8663,0.066093,8,65536,A3-cuda,allocate,0.022152,0.023100,0.023180,0.021868,0.022190,30,"2820, 13801, 55, 199.97"
1,0,"NVIDIA GeForce RTX 5070 Ti",120,70,tartan-p004,real,400248,0.010000,65536,8663,0.066093,8,65536,A3-cuda,update,0.339828,0.340212,0.341308,0.338436,0.339653,30,"2820, 13801, 55, 199.97"
1,0,"NVIDIA GeForce RTX 5070 Ti",120,70,tartan-p004,real,400248,0.010000,65536,8663,0.066093,8,65536,A4-rust,allocate,0.028852,0.029056,0.029376,0.028708,0.028885,30,"2820, 13801, 55, 199.97"
1,0,"NVIDIA GeForce RTX 5070 Ti",120,70,tartan-p004,real,400248,0.010000,65536,8663,0.066093,8,65536,A4-rust,update,0.344832,0.345616,0.346316,0.343256,0.344742,30,"2820, 13801, 55, 199.97"
1,0,"NVIDIA GeForce RTX 5070 Ti",120,70,tartan-p004,real,400248,0.010000,65536,8663,0.066093,8,65536,A5-triton,allocate,0.653892,0.656944,0.656980,0.651232,0.654046,30,"2820, 13801, 55, 199.97"
1,0,"NVIDIA GeForce RTX 5070 Ti",120,70,tartan-p004,real,400248,0.010000,65536,8663,0.066093,8,65536,A5-triton,update,0.431312,0.432368,0.432880,0.428508,0.431013,30,"2820, 13801, 55, 199.97"
1,0,"NVIDIA GeForce RTX 5070 Ti",120,70,tartan-p005,real,401678,0.010000,65536,14219,0.108482,8,65536,A3-cuda,allocate,0.026612,0.026844,0.027496,0.026404,0.026650,30,"2820, 13801, 56, 195.84"
1,0,"NVIDIA GeForce RTX 5070 Ti",120,70,tartan-p005,real,401678,0.010000,65536,14219,0.108482,8,65536,A3-cuda,update,0.470556,0.472328,0.473484,0.467340,0.470660,30,"2820, 13801, 56, 195.84"
1,0,"NVIDIA GeForce RTX 5070 Ti",120,70,tartan-p005,real,401678,0.010000,65536,14219,0.108482,8,65536,A4-rust,allocate,0.034528,0.034860,0.035028,0.033960,0.034508,30,"2820, 13801, 56, 195.84"
1,0,"NVIDIA GeForce RTX 5070 Ti",120,70,tartan-p005,real,401678,0.010000,65536,14219,0.108482,8,65536,A4-rust,update,0.471488,0.474084,0.474296,0.468424,0.471429,30,"2820, 13801, 56, 195.84"
1,0,"NVIDIA GeForce RTX 5070 Ti",120,70,tartan-p005,real,401678,0.010000,65536,14219,0.108482,8,65536,A5-triton,allocate,0.659784,0.662080,0.662880,0.656236,0.659770,30,"2820, 13801, 56, 195.84"
1,0,"NVIDIA GeForce RTX 5070 Ti",120,70,tartan-p005,real,401678,0.010000,65536,14219,0.108482,8,65536,A5-triton,update,0.653564,0.656500,0.656828,0.650988,0.653855,30,"2820, 13801, 56, 195.84"
1,0,"NVIDIA GeForce RTX 5070 Ti",120,70,diner-p000,real,393624,0.010000,65536,12266,0.093582,8,65536,A3-cuda,allocate,0.024768,0.025080,0.025296,0.024616,0.024782,30,"2820, 13801, 57, 198.20"
1,0,"NVIDIA GeForce RTX 5070 Ti",120,70,diner-p000,real,393624,0.010000,65536,12266,0.093582,8,65536,A3-cuda,update,0.375576,0.376836,0.378112,0.374000,0.375852,30,"2820, 13801, 57, 198.20"
1,0,"NVIDIA GeForce RTX 5070 Ti",120,70,diner-p000,real,393624,0.010000,65536,12266,0.093582,8,65536,A4-rust,allocate,0.032908,0.033212,0.033728,0.032612,0.032902,30,"2820, 13801, 57, 198.20"
1,0,"NVIDIA GeForce RTX 5070 Ti",120,70,diner-p000,real,393624,0.010000,65536,12266,0.093582,8,65536,A4-rust,update,0.384424,0.386528,0.386528,0.382452,0.384490,30,"2820, 13801, 57, 198.20"
1,0,"NVIDIA GeForce RTX 5070 Ti",120,70,diner-p000,real,393624,0.010000,65536,12266,0.093582,8,65536,A5-triton,allocate,0.652800,0.655200,0.657468,0.650092,0.652571,30,"2820, 13801, 57, 198.20"
1,0,"NVIDIA GeForce RTX 5070 Ti",120,70,diner-p000,real,393624,0.010000,65536,12266,0.093582,8,65536,A5-triton,update,0.490104,0.492116,0.492932,0.488172,0.490187,30,"2820, 13801, 57, 198.20"
1,0,"NVIDIA GeForce RTX 5070 Ti",120,70,diner-p002,real,409600,0.010000,65536,2769,0.021126,8,65536,A3-cuda,allocate,0.021740,0.022372,0.022664,0.021388,0.021800,30,"2820, 13801, 59, 209.22"
1,0,"NVIDIA GeForce RTX 5070 Ti",120,70,diner-p002,real,409600,0.010000,65536,2769,0.021126,8,65536,A3-cuda,update,0.117044,0.117576,0.118560,0.115836,0.116980,30,"2820, 13801, 59, 209.22"
1,0,"NVIDIA GeForce RTX 5070 Ti",120,70,diner-p002,real,409600,0.010000,65536,2769,0.021126,8,65536,A4-rust,allocate,0.030568,0.031088,0.031228,0.029376,0.030478,30,"2820, 13801, 59, 209.22"
1,0,"NVIDIA GeForce RTX 5070 Ti",120,70,diner-p002,real,409600,0.010000,65536,2769,0.021126,8,65536,A4-rust,update,0.127080,0.129112,0.129540,0.125476,0.127218,30,"2820, 13801, 59, 209.22"
1,0,"NVIDIA GeForce RTX 5070 Ti",120,70,diner-p002,real,409600,0.010000,65536,2769,0.021126,8,65536,A5-triton,allocate,0.660040,0.664396,0.665460,0.656052,0.660229,30,"2820, 13801, 59, 209.22"
1,0,"NVIDIA GeForce RTX 5070 Ti",120,70,diner-p002,real,409600,0.010000,65536,2769,0.021126,8,65536,A5-triton,update,0.217068,0.217720,0.217848,0.215792,0.216959,30,"2820, 13801, 59, 209.22"
1,0,"NVIDIA GeForce RTX 5070 Ti",120,70,diner-p003,real,409600,0.010000,65536,15285,0.116615,8,65536,A3-cuda,allocate,0.023248,0.024416,0.024452,0.023140,0.023373,30,"2820, 13801, 57, 198.70"
1,0,"NVIDIA GeForce RTX 5070 Ti",120,70,diner-p003,real,409600,0.010000,65536,15285,0.116615,8,65536,A3-cuda,update,0.444156,0.444800,0.445836,0.442756,0.443813,30,"2820, 13801, 57, 198.70"
1,0,"NVIDIA GeForce RTX 5070 Ti",120,70,diner-p003,real,409600,0.010000,65536,15285,0.116615,8,65536,A4-rust,allocate,0.030932,0.031552,0.031980,0.030380,0.030931,30,"2820, 13801, 57, 198.70"
1,0,"NVIDIA GeForce RTX 5070 Ti",120,70,diner-p003,real,409600,0.010000,65536,15285,0.116615,8,65536,A4-rust,update,0.439340,0.441340,0.442092,0.437232,0.439266,30,"2820, 13801, 57, 198.70"
1,0,"NVIDIA GeForce RTX 5070 Ti",120,70,diner-p003,real,409600,0.010000,65536,15285,0.116615,8,65536,A5-triton,allocate,0.663556,0.666672,0.667104,0.660480,0.663428,30,"2820, 13801, 57, 198.70"
1,0,"NVIDIA GeForce RTX 5070 Ti",120,70,diner-p003,real,409600,0.010000,65536,15285,0.116615,8,65536,A5-triton,update,0.621648,0.623164,0.623704,0.616816,0.621431,30,"2820, 13801, 57, 198.70"
1,1,"NVIDIA GeForce RTX 5060",120,30,base,baseline,320000,0.010000,16384,1160,0.035400,8,65536,A3-cuda,allocate,0.053696,0.054172,0.054540,0.053100,0.053677,30,"2797, 13801, 38, 75.54"
1,1,"NVIDIA GeForce RTX 5060",120,30,base,baseline,320000,0.010000,16384,1160,0.035400,8,65536,A3-cuda,update,0.455268,0.458728,0.461764,0.452696,0.455609,30,"2797, 13801, 38, 75.54"
1,1,"NVIDIA GeForce RTX 5060",120,30,base,baseline,320000,0.010000,16384,1160,0.035400,8,65536,A4-rust,allocate,0.063036,0.063628,0.063668,0.061936,0.062995,30,"2797, 13801, 38, 75.54"
1,1,"NVIDIA GeForce RTX 5060",120,30,base,baseline,320000,0.010000,16384,1160,0.035400,8,65536,A4-rust,update,0.473436,0.478132,0.478348,0.468660,0.473977,30,"2797, 13801, 38, 75.54"
1,1,"NVIDIA GeForce RTX 5060",120,30,base,baseline,320000,0.010000,16384,1160,0.035400,8,65536,A5-triton,allocate,0.962268,0.964260,0.964340,0.960040,0.962357,30,"2797, 13801, 38, 75.54"
1,1,"NVIDIA GeForce RTX 5060",120,30,base,baseline,320000,0.010000,16384,1160,0.035400,8,65536,A5-triton,update,0.558872,0.560404,0.560656,0.557064,0.558720,30,"2797, 13801, 38, 75.54"
1,1,"NVIDIA GeForce RTX 5060",120,30,pts-20k,points,20000,0.010000,16384,1104,0.033691,8,65536,A3-cuda,allocate,0.008280,0.008852,0.008984,0.007956,0.008343,30,"2797, 13801, 36, 61.29"
1,1,"NVIDIA GeForce RTX 5060",120,30,pts-20k,points,20000,0.010000,16384,1104,0.033691,8,65536,A3-cuda,update,0.063896,0.064452,0.065000,0.062480,0.063873,30,"2797, 13801, 36, 61.29"
1,1,"NVIDIA GeForce RTX 5060",120,30,pts-20k,points,20000,0.010000,16384,1104,0.033691,8,65536,A4-rust,allocate,0.018648,0.018900,0.018936,0.018268,0.018633,30,"2797, 13801, 36, 61.29"
1,1,"NVIDIA GeForce RTX 5060",120,30,pts-20k,points,20000,0.010000,16384,1104,0.033691,8,65536,A4-rust,update,0.064172,0.065076,0.065168,0.063032,0.064218,30,"2797, 13801, 36, 61.29"
1,1,"NVIDIA GeForce RTX 5060",120,30,pts-20k,points,20000,0.010000,16384,1104,0.033691,8,65536,A5-triton,allocate,0.094700,0.095152,0.095248,0.094224,0.094706,30,"2797, 13801, 36, 61.29"
1,1,"NVIDIA GeForce RTX 5060",120,30,pts-20k,points,20000,0.010000,16384,1104,0.033691,8,65536,A5-triton,update,0.099804,0.100384,0.100404,0.098996,0.099747,30,"2797, 13801, 36, 61.29"
1,1,"NVIDIA GeForce RTX 5060",120,30,pts-80k,points,80000,0.010000,16384,1160,0.035400,8,65536,A3-cuda,allocate,0.019084,0.019632,0.019656,0.018552,0.019047,30,"2797, 13801, 37, 62.33"
1,1,"NVIDIA GeForce RTX 5060",120,30,pts-80k,points,80000,0.010000,16384,1160,0.035400,8,65536,A3-cuda,update,0.131452,0.132480,0.132740,0.130156,0.131346,30,"2797, 13801, 37, 62.33"
1,1,"NVIDIA GeForce RTX 5060",120,30,pts-80k,points,80000,0.010000,16384,1160,0.035400,8,65536,A4-rust,allocate,0.025084,0.025596,0.025804,0.024592,0.025073,30,"2797, 13801, 37, 62.33"
1,1,"NVIDIA GeForce RTX 5060",120,30,pts-80k,points,80000,0.010000,16384,1160,0.035400,8,65536,A4-rust,update,0.141708,0.142884,0.143292,0.139432,0.141623,30,"2797, 13801, 37, 62.33"
1,1,"NVIDIA GeForce RTX 5060",120,30,pts-80k,points,80000,0.010000,16384,1160,0.035400,8,65536,A5-triton,allocate,0.305192,0.315184,0.315360,0.299260,0.305447,30,"2797, 13801, 37, 62.33"
1,1,"NVIDIA GeForce RTX 5060",120,30,pts-80k,points,80000,0.010000,16384,1160,0.035400,8,65536,A5-triton,update,0.190392,0.191844,0.191904,0.189164,0.190385,30,"2797, 13801, 37, 62.33"
1,1,"NVIDIA GeForce RTX 5060",120,30,pts-720k,points,720000,0.010000,16384,1160,0.035400,8,65536,A3-cuda,allocate,0.101788,0.102980,0.103108,0.100524,0.101855,30,"2797, 13801, 41, 80.70"
1,1,"NVIDIA GeForce RTX 5060",120,30,pts-720k,points,720000,0.010000,16384,1160,0.035400,8,65536,A3-cuda,update,0.960096,0.965452,0.966012,0.954712,0.960580,30,"2797, 13801, 41, 80.70"
1,1,"NVIDIA GeForce RTX 5060",120,30,pts-720k,points,720000,0.010000,16384,1160,0.035400,8,65536,A4-rust,allocate,0.115600,0.116436,0.117460,0.114724,0.115581,30,"2797, 13801, 41, 80.70"
1,1,"NVIDIA GeForce RTX 5060",120,30,pts-720k,points,720000,0.010000,16384,1160,0.035400,8,65536,A4-rust,update,0.981640,0.985492,0.985712,0.969384,0.980100,30,"2797, 13801, 41, 80.70"
1,1,"NVIDIA GeForce RTX 5060",120,30,pts-720k,points,720000,0.010000,16384,1160,0.035400,8,65536,A5-triton,allocate,2.141812,2.144964,2.145888,2.138960,2.141819,30,"2797, 13801, 41, 80.70"
1,1,"NVIDIA GeForce RTX 5060",120,30,pts-720k,points,720000,0.010000,16384,1160,0.035400,8,65536,A5-triton,update,1.139732,1.143892,1.144348,1.135672,1.139592,30,"2797, 13801, 41, 80.70"
1,1,"NVIDIA GeForce RTX 5060",120,30,pts-1280k,points,1280000,0.010000,16384,1160,0.035400,8,65536,A3-cuda,allocate,0.166500,0.168192,0.168248,0.166104,0.166847,30,"2797, 13801, 42, 85.45"
1,1,"NVIDIA GeForce RTX 5060",120,30,pts-1280k,points,1280000,0.010000,16384,1160,0.035400,8,65536,A3-cuda,update,1.539544,1.546328,1.547332,1.527264,1.538322,30,"2797, 13801, 42, 85.45"
1,1,"NVIDIA GeForce RTX 5060",120,30,pts-1280k,points,1280000,0.010000,16384,1160,0.035400,8,65536,A4-rust,allocate,0.185024,0.186584,0.186644,0.183588,0.185102,30,"2797, 13801, 42, 85.45"
1,1,"NVIDIA GeForce RTX 5060",120,30,pts-1280k,points,1280000,0.010000,16384,1160,0.035400,8,65536,A4-rust,update,1.542840,1.546384,1.546588,1.530540,1.541662,30,"2797, 13801, 42, 85.45"
1,1,"NVIDIA GeForce RTX 5060",120,30,pts-1280k,points,1280000,0.010000,16384,1160,0.035400,8,65536,A5-triton,allocate,3.832680,3.838800,3.838904,3.824672,3.832174,30,"2797, 13801, 42, 85.45"
1,1,"NVIDIA GeForce RTX 5060",120,30,pts-1280k,points,1280000,0.010000,16384,1160,0.035400,8,65536,A5-triton,update,1.848436,1.851572,1.852092,1.841788,1.848121,30,"2797, 13801, 42, 85.45"
1,1,"NVIDIA GeForce RTX 5060",120,30,r-0.25,extent,320000,0.010000,16384,280,0.008545,8,65536,A3-cuda,allocate,0.043904,0.044936,0.044980,0.043332,0.044097,30,"2797, 13801, 41, 74.57"
1,1,"NVIDIA GeForce RTX 5060",120,30,r-0.25,extent,320000,0.010000,16384,280,0.008545,8,65536,A3-cuda,update,0.412088,0.415208,0.415304,0.406000,0.411435,30,"2797, 13801, 41, 74.57"
1,1,"NVIDIA GeForce RTX 5060",120,30,r-0.25,extent,320000,0.010000,16384,280,0.008545,8,65536,A4-rust,allocate,0.057520,0.058808,0.058924,0.056016,0.057473,30,"2797, 13801, 41, 74.57"
1,1,"NVIDIA GeForce RTX 5060",120,30,r-0.25,extent,320000,0.010000,16384,280,0.008545,8,65536,A4-rust,update,0.437392,0.442788,0.444816,0.430500,0.437134,30,"2797, 13801, 41, 74.57"
1,1,"NVIDIA GeForce RTX 5060",120,30,r-0.25,extent,320000,0.010000,16384,280,0.008545,8,65536,A5-triton,allocate,0.964280,0.966212,0.966532,0.962284,0.964243,30,"2797, 13801, 41, 74.57"
1,1,"NVIDIA GeForce RTX 5060",120,30,r-0.25,extent,320000,0.010000,16384,280,0.008545,8,65536,A5-triton,update,0.506572,0.508144,0.508604,0.503220,0.506436,30,"2797, 13801, 41, 74.57"
1,1,"NVIDIA GeForce RTX 5060",120,30,r-1.0,extent,320000,0.010000,65536,4752,0.036255,8,65536,A3-cuda,allocate,0.060964,0.062136,0.063192,0.060600,0.061236,30,"2805, 13801, 41, 70.20"
1,1,"NVIDIA GeForce RTX 5060",120,30,r-1.0,extent,320000,0.010000,65536,4752,0.036255,8,65536,A3-cuda,update,0.522808,0.524360,0.524424,0.521052,0.522690,30,"2805, 13801, 41, 70.20"
1,1,"NVIDIA GeForce RTX 5060",120,30,r-1.0,extent,320000,0.010000,65536,4752,0.036255,8,65536,A4-rust,allocate,0.069216,0.069664,0.070200,0.068688,0.069203,30,"2805, 13801, 41, 70.20"
1,1,"NVIDIA GeForce RTX 5060",120,30,r-1.0,extent,320000,0.010000,65536,4752,0.036255,8,65536,A4-rust,update,0.531948,0.534300,0.536320,0.530156,0.531910,30,"2805, 13801, 41, 70.20"
1,1,"NVIDIA GeForce RTX 5060",120,30,r-1.0,extent,320000,0.010000,65536,4752,0.036255,8,65536,A5-triton,allocate,0.964528,0.967228,0.967588,0.962560,0.964544,30,"2805, 13801, 41, 70.20"
1,1,"NVIDIA GeForce RTX 5060",120,30,r-1.0,extent,320000,0.010000,65536,4752,0.036255,8,65536,A5-triton,update,0.651392,0.653644,0.654516,0.649600,0.651495,30,"2805, 13801, 41, 70.20"
1,1,"NVIDIA GeForce RTX 5060",120,30,r-2.0,extent,320000,0.010000,131072,18160,0.069275,4,65536,A3-cuda,allocate,0.087976,0.089040,0.089080,0.086184,0.087587,30,"2805, 13801, 41, 67.77"
1,1,"NVIDIA GeForce RTX 5060",120,30,r-2.0,extent,320000,0.010000,131072,18160,0.069275,4,65536,A3-cuda,update,1.179000,1.182448,1.185488,1.175584,1.179496,30,"2805, 13801, 41, 67.77"
1,1,"NVIDIA GeForce RTX 5060",120,30,r-2.0,extent,320000,0.010000,131072,18160,0.069275,4,65536,A4-rust,allocate,0.089232,0.090192,0.090632,0.088672,0.089364,30,"2805, 13801, 41, 67.77"
1,1,"NVIDIA GeForce RTX 5060",120,30,r-2.0,extent,320000,0.010000,131072,18160,0.069275,4,65536,A4-rust,update,1.155632,1.160736,1.162760,1.149504,1.155350,30,"2805, 13801, 41, 67.77"
1,1,"NVIDIA GeForce RTX 5060",120,30,r-2.0,extent,320000,0.010000,131072,18160,0.069275,4,65536,A5-triton,allocate,0.978920,0.980928,0.981008,0.975512,0.978831,30,"2805, 13801, 41, 67.77"
1,1,"NVIDIA GeForce RTX 5060",120,30,r-2.0,extent,320000,0.010000,131072,18160,0.069275,4,65536,A5-triton,update,1.697720,1.702704,1.706880,1.691536,1.698389,30,"2805, 13801, 41, 67.77"
1,1,"NVIDIA GeForce RTX 5060",120,30,lf-sparse,loadfactor,320000,0.010000,18560,1160,0.017700,8,65536,A3-cuda,allocate,0.050056,0.051096,0.051260,0.049620,0.050204,30,"2797, 13801, 43, 69.43"
1,1,"NVIDIA GeForce RTX 5060",120,30,lf-sparse,loadfactor,320000,0.010000,18560,1160,0.017700,8,65536,A3-cuda,update,0.456788,0.459784,0.460364,0.455008,0.457374,30,"2797, 13801, 43, 69.43"
1,1,"NVIDIA GeForce RTX 5060",120,30,lf-sparse,loadfactor,320000,0.010000,18560,1160,0.017700,8,65536,A4-rust,allocate,0.059080,0.059624,0.059632,0.058336,0.059065,30,"2797, 13801, 43, 69.43"
1,1,"NVIDIA GeForce RTX 5060",120,30,lf-sparse,loadfactor,320000,0.010000,18560,1160,0.017700,8,65536,A4-rust,update,0.475788,0.479892,0.480180,0.473004,0.476083,30,"2797, 13801, 43, 69.43"
1,1,"NVIDIA GeForce RTX 5060",120,30,lf-sparse,loadfactor,320000,0.010000,18560,1160,0.017700,8,65536,A5-triton,allocate,0.960552,0.962004,0.963228,0.958424,0.960465,30,"2797, 13801, 43, 69.43"
1,1,"NVIDIA GeForce RTX 5060",120,30,lf-sparse,loadfactor,320000,0.010000,18560,1160,0.017700,8,65536,A5-triton,update,0.561764,0.564288,0.565804,0.558376,0.561793,30,"2797, 13801, 43, 69.43"
1,1,"NVIDIA GeForce RTX 5060",120,30,plane-320k,shape,320356,0.010000,16384,1060,0.032349,8,65536,A3-cuda,allocate,0.053044,0.053228,0.053344,0.052756,0.053019,30,"2790, 13801, 44, 74.28"
1,1,"NVIDIA GeForce RTX 5060",120,30,plane-320k,shape,320356,0.010000,16384,1060,0.032349,8,65536,A3-cuda,update,0.617868,0.619508,0.621536,0.612336,0.617103,30,"2790, 13801, 44, 74.28"
1,1,"NVIDIA GeForce RTX 5060",120,30,plane-320k,shape,320356,0.010000,16384,1060,0.032349,8,65536,A4-rust,allocate,0.058452,0.058840,0.059072,0.057952,0.058458,30,"2790, 13801, 44, 74.28"
1,1,"NVIDIA GeForce RTX 5060",120,30,plane-320k,shape,320356,0.010000,16384,1060,0.032349,8,65536,A4-rust,update,0.625160,0.628956,0.629268,0.619520,0.624960,30,"2790, 13801, 44, 74.28"
1,1,"NVIDIA GeForce RTX 5060",120,30,plane-320k,shape,320356,0.010000,16384,1060,0.032349,8,65536,A5-triton,allocate,0.961216,0.962848,0.963224,0.959072,0.961259,30,"2790, 13801, 44, 74.28"
1,1,"NVIDIA GeForce RTX 5060",120,30,plane-320k,shape,320356,0.010000,16384,1060,0.032349,8,65536,A5-triton,update,0.696900,0.699204,0.699976,0.692456,0.696884,30,"2790, 13801, 44, 74.28"
1,1,"NVIDIA GeForce RTX 5060",120,30,tartan-cold,real,407444,0.010000,65536,10245,0.078163,8,65536,A3-cuda,allocate,0.071060,0.071220,0.071244,0.070384,0.071017,30,"2790, 13801, 44, 73.61"
1,1,"NVIDIA GeForce RTX 5060",120,30,tartan-cold,real,407444,0.010000,65536,10245,0.078163,8,65536,A3-cuda,update,0.832968,0.834540,0.834544,0.830308,0.832618,30,"2790, 13801, 44, 73.61"
1,1,"NVIDIA GeForce RTX 5060",120,30,tartan-cold,real,407444,0.010000,65536,10245,0.078163,8,65536,A4-rust,allocate,0.080568,0.081084,0.081104,0.079864,0.080553,30,"2790, 13801, 44, 73.61"
1,1,"NVIDIA GeForce RTX 5060",120,30,tartan-cold,real,407444,0.010000,65536,10245,0.078163,8,65536,A4-rust,update,0.833656,0.835752,0.835860,0.831920,0.833787,30,"2790, 13801, 44, 73.61"
1,1,"NVIDIA GeForce RTX 5060",120,30,tartan-cold,real,407444,0.010000,65536,10245,0.078163,8,65536,A5-triton,allocate,1.221344,1.223248,1.223380,1.218656,1.221235,30,"2790, 13801, 44, 73.61"
1,1,"NVIDIA GeForce RTX 5060",120,30,tartan-cold,real,407444,0.010000,65536,10245,0.078163,8,65536,A5-triton,update,1.107284,1.110032,1.110852,1.103688,1.107444,30,"2790, 13801, 44, 73.61"
1,1,"NVIDIA GeForce RTX 5060",120,30,tartan-warm,real,407444,0.010000,65536,14332,0.109344,8,65536,A3-cuda,allocate,0.051380,0.051500,0.051536,0.051240,0.051381,30,"2790, 13801, 49, 90.54"
1,1,"NVIDIA GeForce RTX 5060",120,30,tartan-warm,real,407444,0.010000,65536,14332,0.109344,8,65536,A3-cuda,update,0.710612,0.713020,0.713068,0.706892,0.710585,30,"2790, 13801, 49, 90.54"
1,1,"NVIDIA GeForce RTX 5060",120,30,tartan-warm,real,407444,0.010000,65536,14332,0.109344,8,65536,A4-rust,allocate,0.057876,0.058096,0.059752,0.057664,0.057961,30,"2790, 13801, 49, 90.54"
1,1,"NVIDIA GeForce RTX 5060",120,30,tartan-warm,real,407444,0.010000,65536,14332,0.109344,8,65536,A4-rust,update,0.709356,0.711716,0.711944,0.706328,0.709412,30,"2790, 13801, 49, 90.54"
1,1,"NVIDIA GeForce RTX 5060",120,30,tartan-warm,real,407444,0.010000,65536,14332,0.109344,8,65536,A5-triton,allocate,1.220116,1.222576,1.222680,1.218096,1.220117,30,"2790, 13801, 49, 90.54"
1,1,"NVIDIA GeForce RTX 5060",120,30,tartan-warm,real,407444,0.010000,65536,14332,0.109344,8,65536,A5-triton,update,1.006276,1.010080,1.011592,1.002140,1.006271,30,"2790, 13801, 49, 90.54"
1,1,"NVIDIA GeForce RTX 5060",120,30,tartan-p001,real,374692,0.010000,65536,5582,0.042587,8,65536,A3-cuda,allocate,0.043428,0.043656,0.043852,0.043236,0.043419,30,"2790, 13801, 51, 91.63"
1,1,"NVIDIA GeForce RTX 5060",120,30,tartan-p001,real,374692,0.010000,65536,5582,0.042587,8,65536,A3-cuda,update,0.376656,0.377308,0.378340,0.375120,0.376363,30,"2790, 13801, 51, 91.63"
1,1,"NVIDIA GeForce RTX 5060",120,30,tartan-p001,real,374692,0.010000,65536,5582,0.042587,8,65536,A4-rust,allocate,0.051728,0.052112,0.052172,0.051524,0.051775,30,"2790, 13801, 51, 91.63"
1,1,"NVIDIA GeForce RTX 5060",120,30,tartan-p001,real,374692,0.010000,65536,5582,0.042587,8,65536,A4-rust,update,0.383916,0.385432,0.386208,0.382368,0.383888,30,"2790, 13801, 51, 91.63"
1,1,"NVIDIA GeForce RTX 5060",120,30,tartan-p001,real,374692,0.010000,65536,5582,0.042587,8,65536,A5-triton,allocate,1.133632,1.136012,1.137520,1.131096,1.133767,30,"2790, 13801, 51, 91.63"
1,1,"NVIDIA GeForce RTX 5060",120,30,tartan-p001,real,374692,0.010000,65536,5582,0.042587,8,65536,A5-triton,update,0.535888,0.537408,0.537660,0.534060,0.535920,30,"2790, 13801, 51, 91.63"
1,1,"NVIDIA GeForce RTX 5060",120,30,tartan-p003,real,405269,0.010000,65536,14945,0.114021,8,65536,A3-cuda,allocate,0.051124,0.051244,0.051260,0.050908,0.051121,30,"2782, 13801, 54, 94.55"
1,1,"NVIDIA GeForce RTX 5060",120,30,tartan-p003,real,405269,0.010000,65536,14945,0.114021,8,65536,A3-cuda,update,0.805240,0.806768,0.806876,0.802240,0.804705,30,"2782, 13801, 54, 94.55"
1,1,"NVIDIA GeForce RTX 5060",120,30,tartan-p003,real,405269,0.010000,65536,14945,0.114021,8,65536,A4-rust,allocate,0.057920,0.058300,0.058312,0.057664,0.057961,30,"2782, 13801, 54, 94.55"
1,1,"NVIDIA GeForce RTX 5060",120,30,tartan-p003,real,405269,0.010000,65536,14945,0.114021,8,65536,A4-rust,update,0.808048,0.809660,0.810396,0.805236,0.807675,30,"2782, 13801, 54, 94.55"
1,1,"NVIDIA GeForce RTX 5060",120,30,tartan-p003,real,405269,0.010000,65536,14945,0.114021,8,65536,A5-triton,allocate,1.216024,1.218616,1.219936,1.213788,1.216239,30,"2782, 13801, 54, 94.55"
1,1,"NVIDIA GeForce RTX 5060",120,30,tartan-p003,real,405269,0.010000,65536,14945,0.114021,8,65536,A5-triton,update,1.052736,1.055340,1.055560,1.049192,1.052811,30,"2782, 13801, 54, 94.55"
1,1,"NVIDIA GeForce RTX 5060",120,30,tartan-p004,real,400248,0.010000,65536,8663,0.066093,8,65536,A3-cuda,allocate,0.049536,0.049644,0.049716,0.048580,0.049319,30,"2782, 13801, 56, 94.71"
1,1,"NVIDIA GeForce RTX 5060",120,30,tartan-p004,real,400248,0.010000,65536,8663,0.066093,8,65536,A3-cuda,update,0.665696,0.668632,0.668712,0.663016,0.665614,30,"2782, 13801, 56, 94.71"
1,1,"NVIDIA GeForce RTX 5060",120,30,tartan-p004,real,400248,0.010000,65536,8663,0.066093,8,65536,A4-rust,allocate,0.056832,0.057348,0.057360,0.056064,0.056790,30,"2782, 13801, 56, 94.71"
1,1,"NVIDIA GeForce RTX 5060",120,30,tartan-p004,real,400248,0.010000,65536,8663,0.066093,8,65536,A4-rust,update,0.666916,0.668932,0.669020,0.664612,0.666817,30,"2782, 13801, 56, 94.71"
1,1,"NVIDIA GeForce RTX 5060",120,30,tartan-p004,real,400248,0.010000,65536,8663,0.066093,8,65536,A5-triton,allocate,1.202228,1.203372,1.203448,1.198884,1.202018,30,"2782, 13801, 56, 94.71"
1,1,"NVIDIA GeForce RTX 5060",120,30,tartan-p004,real,400248,0.010000,65536,8663,0.066093,8,65536,A5-triton,update,0.800148,0.802100,0.802696,0.797348,0.800285,30,"2782, 13801, 56, 94.71"
1,1,"NVIDIA GeForce RTX 5060",120,30,tartan-p005,real,401678,0.010000,65536,14219,0.108482,8,65536,A3-cuda,allocate,0.057672,0.058636,0.058784,0.057188,0.057716,30,"2782, 13801, 57, 92.86"
1,1,"NVIDIA GeForce RTX 5060",120,30,tartan-p005,real,401678,0.010000,65536,14219,0.108482,8,65536,A3-cuda,update,0.910056,0.913012,0.913248,0.906744,0.909998,30,"2782, 13801, 57, 92.86"
1,1,"NVIDIA GeForce RTX 5060",120,30,tartan-p005,real,401678,0.010000,65536,14219,0.108482,8,65536,A4-rust,allocate,0.067468,0.067840,0.067868,0.066620,0.067399,30,"2782, 13801, 57, 92.86"
1,1,"NVIDIA GeForce RTX 5060",120,30,tartan-p005,real,401678,0.010000,65536,14219,0.108482,8,65536,A4-rust,update,0.905084,0.907152,0.907180,0.901532,0.904661,30,"2782, 13801, 57, 92.86"
1,1,"NVIDIA GeForce RTX 5060",120,30,tartan-p005,real,401678,0.010000,65536,14219,0.108482,8,65536,A5-triton,allocate,1.211184,1.212552,1.213680,1.209424,1.211107,30,"2782, 13801, 57, 92.86"
1,1,"NVIDIA GeForce RTX 5060",120,30,tartan-p005,real,401678,0.010000,65536,14219,0.108482,8,65536,A5-triton,update,1.270052,1.276024,1.277988,1.263676,1.269699,30,"2782, 13801, 57, 92.86"
1,1,"NVIDIA GeForce RTX 5060",120,30,diner-p000,real,393624,0.010000,65536,12266,0.093582,8,65536,A3-cuda,allocate,0.053000,0.053784,0.053848,0.052684,0.053040,30,"2782, 13801, 60, 95.14"
1,1,"NVIDIA GeForce RTX 5060",120,30,diner-p000,real,393624,0.010000,65536,12266,0.093582,8,65536,A3-cuda,update,0.725968,0.728696,0.728788,0.723772,0.726335,30,"2782, 13801, 60, 95.14"
1,1,"NVIDIA GeForce RTX 5060",120,30,diner-p000,real,393624,0.010000,65536,12266,0.093582,8,65536,A4-rust,allocate,0.063676,0.063928,0.064184,0.063068,0.063598,30,"2782, 13801, 60, 95.14"
1,1,"NVIDIA GeForce RTX 5060",120,30,diner-p000,real,393624,0.010000,65536,12266,0.093582,8,65536,A4-rust,update,0.730904,0.733216,0.733488,0.728896,0.731084,30,"2782, 13801, 60, 95.14"
1,1,"NVIDIA GeForce RTX 5060",120,30,diner-p000,real,393624,0.010000,65536,12266,0.093582,8,65536,A5-triton,allocate,1.185904,1.187712,1.189980,1.183000,1.186033,30,"2782, 13801, 60, 95.14"
1,1,"NVIDIA GeForce RTX 5060",120,30,diner-p000,real,393624,0.010000,65536,12266,0.093582,8,65536,A5-triton,update,0.914336,0.917192,0.917436,0.910968,0.914226,30,"2782, 13801, 60, 95.14"
1,1,"NVIDIA GeForce RTX 5060",120,30,diner-p002,real,409600,0.010000,65536,2769,0.021126,8,65536,A3-cuda,allocate,0.048056,0.048244,0.048688,0.047656,0.048052,30,"2782, 13801, 61, 94.11"
1,1,"NVIDIA GeForce RTX 5060",120,30,diner-p002,real,409600,0.010000,65536,2769,0.021126,8,65536,A3-cuda,update,0.230736,0.231104,0.231152,0.228924,0.230227,30,"2782, 13801, 61, 94.11"
1,1,"NVIDIA GeForce RTX 5060",120,30,diner-p002,real,409600,0.010000,65536,2769,0.021126,8,65536,A4-rust,allocate,0.058040,0.058348,0.058432,0.057652,0.058022,30,"2782, 13801, 61, 94.11"
1,1,"NVIDIA GeForce RTX 5060",120,30,diner-p002,real,409600,0.010000,65536,2769,0.021126,8,65536,A4-rust,update,0.239260,0.240916,0.240936,0.237960,0.239326,30,"2782, 13801, 61, 94.11"
1,1,"NVIDIA GeForce RTX 5060",120,30,diner-p002,real,409600,0.010000,65536,2769,0.021126,8,65536,A5-triton,allocate,1.226556,1.229436,1.229588,1.222796,1.226203,30,"2782, 13801, 61, 94.11"
1,1,"NVIDIA GeForce RTX 5060",120,30,diner-p002,real,409600,0.010000,65536,2769,0.021126,8,65536,A5-triton,update,0.391068,0.392128,0.392612,0.389792,0.390979,30,"2782, 13801, 61, 94.11"
1,1,"NVIDIA GeForce RTX 5060",120,30,diner-p003,real,409600,0.010000,65536,15285,0.116615,8,65536,A3-cuda,allocate,0.051140,0.051224,0.051632,0.051016,0.051152,30,"2782, 13801, 60, 95.32"
1,1,"NVIDIA GeForce RTX 5060",120,30,diner-p003,real,409600,0.010000,65536,15285,0.116615,8,65536,A3-cuda,update,0.851160,0.853588,0.854364,0.848852,0.851030,30,"2782, 13801, 60, 95.32"
1,1,"NVIDIA GeForce RTX 5060",120,30,diner-p003,real,409600,0.010000,65536,15285,0.116615,8,65536,A4-rust,allocate,0.059888,0.060172,0.060548,0.059484,0.059891,30,"2782, 13801, 60, 95.32"
1,1,"NVIDIA GeForce RTX 5060",120,30,diner-p003,real,409600,0.010000,65536,15285,0.116615,8,65536,A4-rust,update,0.840344,0.841896,0.842608,0.837772,0.840173,30,"2782, 13801, 60, 95.32"
1,1,"NVIDIA GeForce RTX 5060",120,30,diner-p003,real,409600,0.010000,65536,15285,0.116615,8,65536,A5-triton,allocate,1.229400,1.231664,1.233188,1.226376,1.229434,30,"2782, 13801, 60, 95.32"
1,1,"NVIDIA GeForce RTX 5060",120,30,diner-p003,real,409600,0.010000,65536,15285,0.116615,8,65536,A5-triton,update,1.283632,1.288468,1.290032,1.277212,1.283148,30,"2782, 13801, 60, 95.32"
2,0,"NVIDIA GeForce RTX 5070 Ti",120,70,base,baseline,320000,0.010000,16384,1160,0.035400,8,65536,A3-cuda,allocate,0.028008,0.028256,0.028272,0.027268,0.027941,30,"2827, 13801, 45, 67.08"
2,0,"NVIDIA GeForce RTX 5070 Ti",120,70,base,baseline,320000,0.010000,16384,1160,0.035400,8,65536,A3-cuda,update,0.250424,0.252472,0.252724,0.247840,0.250240,30,"2827, 13801, 45, 67.08"
2,0,"NVIDIA GeForce RTX 5070 Ti",120,70,base,baseline,320000,0.010000,16384,1160,0.035400,8,65536,A4-rust,allocate,0.037012,0.037820,0.037868,0.036336,0.037005,30,"2827, 13801, 45, 67.08"
2,0,"NVIDIA GeForce RTX 5070 Ti",120,70,base,baseline,320000,0.010000,16384,1160,0.035400,8,65536,A4-rust,update,0.270840,0.274428,0.274736,0.266544,0.270725,30,"2827, 13801, 45, 67.08"
2,0,"NVIDIA GeForce RTX 5070 Ti",120,70,base,baseline,320000,0.010000,16384,1160,0.035400,8,65536,A5-triton,allocate,0.500876,0.502676,0.502704,0.496772,0.500440,30,"2827, 13801, 45, 67.08"
2,0,"NVIDIA GeForce RTX 5070 Ti",120,70,base,baseline,320000,0.010000,16384,1160,0.035400,8,65536,A5-triton,update,0.327600,0.330796,0.330888,0.324096,0.327586,30,"2827, 13801, 45, 67.08"
2,0,"NVIDIA GeForce RTX 5070 Ti",120,70,pts-20k,points,20000,0.010000,16384,1104,0.033691,8,65536,A3-cuda,allocate,0.004960,0.005284,0.005440,0.004804,0.004998,30,"2835, 13801, 43, 145.53"
2,0,"NVIDIA GeForce RTX 5070 Ti",120,70,pts-20k,points,20000,0.010000,16384,1104,0.033691,8,65536,A3-cuda,update,0.034428,0.035140,0.035272,0.033568,0.034519,30,"2835, 13801, 43, 145.53"
2,0,"NVIDIA GeForce RTX 5070 Ti",120,70,pts-20k,points,20000,0.010000,16384,1104,0.033691,8,65536,A4-rust,allocate,0.016656,0.017080,0.017156,0.016296,0.016670,30,"2835, 13801, 43, 145.53"
2,0,"NVIDIA GeForce RTX 5070 Ti",120,70,pts-20k,points,20000,0.010000,16384,1104,0.033691,8,65536,A4-rust,update,0.041004,0.041756,0.041784,0.040456,0.041022,30,"2835, 13801, 43, 145.53"
2,0,"NVIDIA GeForce RTX 5070 Ti",120,70,pts-20k,points,20000,0.010000,16384,1104,0.033691,8,65536,A5-triton,allocate,0.085776,0.086192,0.086476,0.084980,0.085630,30,"2835, 13801, 43, 145.53"
2,0,"NVIDIA GeForce RTX 5070 Ti",120,70,pts-20k,points,20000,0.010000,16384,1104,0.033691,8,65536,A5-triton,update,0.088064,0.088620,0.088784,0.087304,0.088059,30,"2835, 13801, 43, 145.53"
2,0,"NVIDIA GeForce RTX 5070 Ti",120,70,pts-80k,points,80000,0.010000,16384,1160,0.035400,8,65536,A3-cuda,allocate,0.010384,0.011432,0.011456,0.010212,0.010549,30,"2835, 13801, 44, 151.97"
2,0,"NVIDIA GeForce RTX 5070 Ti",120,70,pts-80k,points,80000,0.010000,16384,1160,0.035400,8,65536,A3-cuda,update,0.069684,0.070460,0.070552,0.068280,0.069603,30,"2835, 13801, 44, 151.97"
2,0,"NVIDIA GeForce RTX 5070 Ti",120,70,pts-80k,points,80000,0.010000,16384,1160,0.035400,8,65536,A4-rust,allocate,0.017704,0.018144,0.018176,0.017292,0.017711,30,"2835, 13801, 44, 151.97"
2,0,"NVIDIA GeForce RTX 5070 Ti",120,70,pts-80k,points,80000,0.010000,16384,1160,0.035400,8,65536,A4-rust,update,0.081896,0.083164,0.084216,0.080388,0.081913,30,"2835, 13801, 44, 151.97"
2,0,"NVIDIA GeForce RTX 5070 Ti",120,70,pts-80k,points,80000,0.010000,16384,1160,0.035400,8,65536,A5-triton,allocate,0.149332,0.150000,0.150048,0.148592,0.149373,30,"2835, 13801, 44, 151.97"
2,0,"NVIDIA GeForce RTX 5070 Ti",120,70,pts-80k,points,80000,0.010000,16384,1160,0.035400,8,65536,A5-triton,update,0.118392,0.119152,0.119284,0.117192,0.118403,30,"2835, 13801, 44, 151.97"
2,0,"NVIDIA GeForce RTX 5070 Ti",120,70,pts-720k,points,720000,0.010000,16384,1160,0.035400,8,65536,A3-cuda,allocate,0.051436,0.052616,0.053416,0.051048,0.051672,30,"2827, 13801, 47, 163.35"
2,0,"NVIDIA GeForce RTX 5070 Ti",120,70,pts-720k,points,720000,0.010000,16384,1160,0.035400,8,65536,A3-cuda,update,0.542216,0.547344,0.547580,0.538216,0.542533,30,"2827, 13801, 47, 163.35"
2,0,"NVIDIA GeForce RTX 5070 Ti",120,70,pts-720k,points,720000,0.010000,16384,1160,0.035400,8,65536,A4-rust,allocate,0.063008,0.063980,0.064376,0.061848,0.063051,30,"2827, 13801, 47, 163.35"
2,0,"NVIDIA GeForce RTX 5070 Ti",120,70,pts-720k,points,720000,0.010000,16384,1160,0.035400,8,65536,A4-rust,update,0.564316,0.568436,0.571004,0.558932,0.564416,30,"2827, 13801, 47, 163.35"
2,0,"NVIDIA GeForce RTX 5070 Ti",120,70,pts-720k,points,720000,0.010000,16384,1160,0.035400,8,65536,A5-triton,allocate,1.127772,1.131108,1.133616,1.117788,1.126436,30,"2827, 13801, 47, 163.35"
2,0,"NVIDIA GeForce RTX 5070 Ti",120,70,pts-720k,points,720000,0.010000,16384,1160,0.035400,8,65536,A5-triton,update,0.640340,0.642656,0.644184,0.637540,0.640225,30,"2827, 13801, 47, 163.35"
2,0,"NVIDIA GeForce RTX 5070 Ti",120,70,pts-1280k,points,1280000,0.010000,16384,1160,0.035400,8,65536,A3-cuda,allocate,0.078748,0.080020,0.080180,0.077900,0.078811,30,"2827, 13801, 48, 170.80"
2,0,"NVIDIA GeForce RTX 5070 Ti",120,70,pts-1280k,points,1280000,0.010000,16384,1160,0.035400,8,65536,A3-cuda,update,0.897412,0.900496,0.902148,0.891256,0.896681,30,"2827, 13801, 48, 170.80"
2,0,"NVIDIA GeForce RTX 5070 Ti",120,70,pts-1280k,points,1280000,0.010000,16384,1160,0.035400,8,65536,A4-rust,allocate,0.095204,0.097308,0.097580,0.093636,0.095196,30,"2827, 13801, 48, 170.80"
2,0,"NVIDIA GeForce RTX 5070 Ti",120,70,pts-1280k,points,1280000,0.010000,16384,1160,0.035400,8,65536,A4-rust,update,0.927968,0.935412,0.936204,0.917244,0.928083,30,"2827, 13801, 48, 170.80"
2,0,"NVIDIA GeForce RTX 5070 Ti",120,70,pts-1280k,points,1280000,0.010000,16384,1160,0.035400,8,65536,A5-triton,allocate,1.940652,1.948336,1.948868,1.933276,1.940803,30,"2827, 13801, 48, 170.80"
2,0,"NVIDIA GeForce RTX 5070 Ti",120,70,pts-1280k,points,1280000,0.010000,16384,1160,0.035400,8,65536,A5-triton,update,1.040608,1.046628,1.046736,1.034104,1.040253,30,"2827, 13801, 48, 170.80"
2,0,"NVIDIA GeForce RTX 5070 Ti",120,70,r-0.25,extent,320000,0.010000,16384,280,0.008545,8,65536,A3-cuda,allocate,0.023596,0.024724,0.024792,0.023076,0.023686,30,"2827, 13801, 47, 161.61"
2,0,"NVIDIA GeForce RTX 5070 Ti",120,70,r-0.25,extent,320000,0.010000,16384,280,0.008545,8,65536,A3-cuda,update,0.241468,0.244536,0.247588,0.238376,0.241306,30,"2827, 13801, 47, 161.61"
2,0,"NVIDIA GeForce RTX 5070 Ti",120,70,r-0.25,extent,320000,0.010000,16384,280,0.008545,8,65536,A4-rust,allocate,0.035260,0.036092,0.036300,0.033876,0.035263,30,"2827, 13801, 47, 161.61"
2,0,"NVIDIA GeForce RTX 5070 Ti",120,70,r-0.25,extent,320000,0.010000,16384,280,0.008545,8,65536,A4-rust,update,0.269792,0.273440,0.275984,0.260488,0.269621,30,"2827, 13801, 47, 161.61"
2,0,"NVIDIA GeForce RTX 5070 Ti",120,70,r-0.25,extent,320000,0.010000,16384,280,0.008545,8,65536,A5-triton,allocate,0.501124,0.503792,0.504308,0.497108,0.500836,30,"2827, 13801, 47, 161.61"
2,0,"NVIDIA GeForce RTX 5070 Ti",120,70,r-0.25,extent,320000,0.010000,16384,280,0.008545,8,65536,A5-triton,update,0.307884,0.310020,0.311308,0.303660,0.307527,30,"2827, 13801, 47, 161.61"
2,0,"NVIDIA GeForce RTX 5070 Ti",120,70,r-1.0,extent,320000,0.010000,65536,4752,0.036255,8,65536,A3-cuda,allocate,0.032428,0.032648,0.032736,0.031712,0.032397,30,"2827, 13801, 48, 172.71"
2,0,"NVIDIA GeForce RTX 5070 Ti",120,70,r-1.0,extent,320000,0.010000,65536,4752,0.036255,8,65536,A3-cuda,update,0.278284,0.279948,0.279988,0.275388,0.277924,30,"2827, 13801, 48, 172.71"
2,0,"NVIDIA GeForce RTX 5070 Ti",120,70,r-1.0,extent,320000,0.010000,65536,4752,0.036255,8,65536,A4-rust,allocate,0.041492,0.042344,0.042392,0.040656,0.041507,30,"2827, 13801, 48, 172.71"
2,0,"NVIDIA GeForce RTX 5070 Ti",120,70,r-1.0,extent,320000,0.010000,65536,4752,0.036255,8,65536,A4-rust,update,0.289808,0.293360,0.294096,0.286948,0.290024,30,"2827, 13801, 48, 172.71"
2,0,"NVIDIA GeForce RTX 5070 Ti",120,70,r-1.0,extent,320000,0.010000,65536,4752,0.036255,8,65536,A5-triton,allocate,0.502752,0.505292,0.506064,0.498068,0.502777,30,"2827, 13801, 48, 172.71"
2,0,"NVIDIA GeForce RTX 5070 Ti",120,70,r-1.0,extent,320000,0.010000,65536,4752,0.036255,8,65536,A5-triton,update,0.346864,0.348396,0.350416,0.343284,0.346617,30,"2827, 13801, 48, 172.71"
2,0,"NVIDIA GeForce RTX 5070 Ti",120,70,r-2.0,extent,320000,0.010000,131072,18160,0.069275,8,65536,A3-cuda,allocate,0.044684,0.045448,0.045464,0.044320,0.044758,30,"2827, 13801, 48, 169.54"
2,0,"NVIDIA GeForce RTX 5070 Ti",120,70,r-2.0,extent,320000,0.010000,131072,18160,0.069275,8,65536,A3-cuda,update,0.619400,0.622344,0.622468,0.616844,0.619679,30,"2827, 13801, 48, 169.54"
2,0,"NVIDIA GeForce RTX 5070 Ti",120,70,r-2.0,extent,320000,0.010000,131072,18160,0.069275,8,65536,A4-rust,allocate,0.051980,0.052736,0.052740,0.051140,0.051978,30,"2827, 13801, 48, 169.54"
2,0,"NVIDIA GeForce RTX 5070 Ti",120,70,r-2.0,extent,320000,0.010000,131072,18160,0.069275,8,65536,A4-rust,update,0.595844,0.597876,0.598364,0.593240,0.595795,30,"2827, 13801, 48, 169.54"
2,0,"NVIDIA GeForce RTX 5070 Ti",120,70,r-2.0,extent,320000,0.010000,131072,18160,0.069275,8,65536,A5-triton,allocate,0.507416,0.510676,0.510844,0.502408,0.507346,30,"2827, 13801, 48, 169.54"
2,0,"NVIDIA GeForce RTX 5070 Ti",120,70,r-2.0,extent,320000,0.010000,131072,18160,0.069275,8,65536,A5-triton,update,0.773868,0.777468,0.778032,0.771560,0.774390,30,"2827, 13801, 48, 169.54"
2,0,"NVIDIA GeForce RTX 5070 Ti",120,70,lf-sparse,loadfactor,320000,0.010000,18560,1160,0.017700,8,65536,A3-cuda,allocate,0.028588,0.029504,0.029540,0.027716,0.028656,30,"2827, 13801, 49, 161.44"
2,0,"NVIDIA GeForce RTX 5070 Ti",120,70,lf-sparse,loadfactor,320000,0.010000,18560,1160,0.017700,8,65536,A3-cuda,update,0.253844,0.255540,0.255796,0.250652,0.253816,30,"2827, 13801, 49, 161.44"
2,0,"NVIDIA GeForce RTX 5070 Ti",120,70,lf-sparse,loadfactor,320000,0.010000,18560,1160,0.017700,8,65536,A4-rust,allocate,0.042468,0.043496,0.043692,0.041572,0.042532,30,"2827, 13801, 49, 161.44"
2,0,"NVIDIA GeForce RTX 5070 Ti",120,70,lf-sparse,loadfactor,320000,0.010000,18560,1160,0.017700,8,65536,A4-rust,update,0.274176,0.275632,0.275940,0.270648,0.273966,30,"2827, 13801, 49, 161.44"
2,0,"NVIDIA GeForce RTX 5070 Ti",120,70,lf-sparse,loadfactor,320000,0.010000,18560,1160,0.017700,8,65536,A5-triton,allocate,0.505120,0.507040,0.507112,0.500684,0.504909,30,"2827, 13801, 49, 161.44"
2,0,"NVIDIA GeForce RTX 5070 Ti",120,70,lf-sparse,loadfactor,320000,0.010000,18560,1160,0.017700,8,65536,A5-triton,update,0.331204,0.333800,0.334964,0.327372,0.331087,30,"2827, 13801, 49, 161.44"
2,0,"NVIDIA GeForce RTX 5070 Ti",120,70,plane-320k,shape,320356,0.010000,16384,1060,0.032349,8,65536,A3-cuda,allocate,0.029324,0.029584,0.029588,0.028232,0.029104,30,"2827, 13801, 50, 158.34"
2,0,"NVIDIA GeForce RTX 5070 Ti",120,70,plane-320k,shape,320356,0.010000,16384,1060,0.032349,8,65536,A3-cuda,update,0.333544,0.335860,0.335908,0.329600,0.333347,30,"2827, 13801, 50, 158.34"
2,0,"NVIDIA GeForce RTX 5070 Ti",120,70,plane-320k,shape,320356,0.010000,16384,1060,0.032349,8,65536,A4-rust,allocate,0.035424,0.036000,0.036120,0.034940,0.035420,30,"2827, 13801, 50, 158.34"
2,0,"NVIDIA GeForce RTX 5070 Ti",120,70,plane-320k,shape,320356,0.010000,16384,1060,0.032349,8,65536,A4-rust,update,0.343084,0.345904,0.346804,0.339244,0.342966,30,"2827, 13801, 50, 158.34"
2,0,"NVIDIA GeForce RTX 5070 Ti",120,70,plane-320k,shape,320356,0.010000,16384,1060,0.032349,8,65536,A5-triton,allocate,0.500908,0.504212,0.504760,0.498044,0.501015,30,"2827, 13801, 50, 158.34"
2,0,"NVIDIA GeForce RTX 5070 Ti",120,70,plane-320k,shape,320356,0.010000,16384,1060,0.032349,8,65536,A5-triton,update,0.374508,0.377092,0.377228,0.371848,0.374446,30,"2827, 13801, 50, 158.34"
2,0,"NVIDIA GeForce RTX 5070 Ti",120,70,tartan-cold,real,407444,0.010000,65536,10245,0.078163,8,65536,A3-cuda,allocate,0.037260,0.037832,0.038052,0.036968,0.037300,30,"2827, 13801, 50, 179.21"
2,0,"NVIDIA GeForce RTX 5070 Ti",120,70,tartan-cold,real,407444,0.010000,65536,10245,0.078163,8,65536,A3-cuda,update,0.435088,0.436872,0.436876,0.433496,0.435201,30,"2827, 13801, 50, 179.21"
2,0,"NVIDIA GeForce RTX 5070 Ti",120,70,tartan-cold,real,407444,0.010000,65536,10245,0.078163,8,65536,A4-rust,allocate,0.045884,0.046180,0.046276,0.045456,0.045850,30,"2827, 13801, 50, 179.21"
2,0,"NVIDIA GeForce RTX 5070 Ti",120,70,tartan-cold,real,407444,0.010000,65536,10245,0.078163,8,65536,A4-rust,update,0.440508,0.442188,0.443092,0.438756,0.440484,30,"2827, 13801, 50, 179.21"
2,0,"NVIDIA GeForce RTX 5070 Ti",120,70,tartan-cold,real,407444,0.010000,65536,10245,0.078163,8,65536,A5-triton,allocate,0.663796,0.667712,0.670460,0.660072,0.663597,30,"2827, 13801, 50, 179.21"
2,0,"NVIDIA GeForce RTX 5070 Ti",120,70,tartan-cold,real,407444,0.010000,65536,10245,0.078163,8,65536,A5-triton,update,0.551580,0.553072,0.554340,0.550136,0.551581,30,"2827, 13801, 50, 179.21"
2,0,"NVIDIA GeForce RTX 5070 Ti",120,70,tartan-warm,real,407444,0.010000,65536,14332,0.109344,8,65536,A3-cuda,allocate,0.023208,0.023748,0.024284,0.022924,0.023267,30,"2827, 13801, 52, 195.20"
2,0,"NVIDIA GeForce RTX 5070 Ti",120,70,tartan-warm,real,407444,0.010000,65536,14332,0.109344,8,65536,A3-cuda,update,0.364948,0.366272,0.366476,0.362940,0.365040,30,"2827, 13801, 52, 195.20"
2,0,"NVIDIA GeForce RTX 5070 Ti",120,70,tartan-warm,real,407444,0.010000,65536,14332,0.109344,8,65536,A4-rust,allocate,0.028860,0.029384,0.029976,0.028212,0.028854,30,"2827, 13801, 52, 195.20"
2,0,"NVIDIA GeForce RTX 5070 Ti",120,70,tartan-warm,real,407444,0.010000,65536,14332,0.109344,8,65536,A4-rust,update,0.367004,0.369140,0.369144,0.364652,0.367078,30,"2827, 13801, 52, 195.20"
2,0,"NVIDIA GeForce RTX 5070 Ti",120,70,tartan-warm,real,407444,0.010000,65536,14332,0.109344,8,65536,A5-triton,allocate,0.661364,0.663828,0.664324,0.658388,0.661100,30,"2827, 13801, 52, 195.20"
2,0,"NVIDIA GeForce RTX 5070 Ti",120,70,tartan-warm,real,407444,0.010000,65536,14332,0.109344,8,65536,A5-triton,update,0.470644,0.473296,0.474500,0.468444,0.470814,30,"2827, 13801, 52, 195.20"
2,0,"NVIDIA GeForce RTX 5070 Ti",120,70,tartan-p001,real,374692,0.010000,65536,5582,0.042587,8,65536,A3-cuda,allocate,0.020108,0.020236,0.020284,0.019380,0.020087,30,"2820, 13801, 53, 199.06"
2,0,"NVIDIA GeForce RTX 5070 Ti",120,70,tartan-p001,real,374692,0.010000,65536,5582,0.042587,8,65536,A3-cuda,update,0.192776,0.193952,0.194140,0.192260,0.192991,30,"2820, 13801, 53, 199.06"
2,0,"NVIDIA GeForce RTX 5070 Ti",120,70,tartan-p001,real,374692,0.010000,65536,5582,0.042587,8,65536,A4-rust,allocate,0.026816,0.027168,0.027416,0.026560,0.026862,30,"2820, 13801, 53, 199.06"
2,0,"NVIDIA GeForce RTX 5070 Ti",120,70,tartan-p001,real,374692,0.010000,65536,5582,0.042587,8,65536,A4-rust,update,0.200928,0.202236,0.202520,0.199668,0.200919,30,"2820, 13801, 53, 199.06"
2,0,"NVIDIA GeForce RTX 5070 Ti",120,70,tartan-p001,real,374692,0.010000,65536,5582,0.042587,8,65536,A5-triton,allocate,0.636416,0.639940,0.640788,0.633580,0.636612,30,"2820, 13801, 53, 199.06"
2,0,"NVIDIA GeForce RTX 5070 Ti",120,70,tartan-p001,real,374692,0.010000,65536,5582,0.042587,8,65536,A5-triton,update,0.290260,0.291004,0.291872,0.289472,0.290344,30,"2820, 13801, 53, 199.06"
2,0,"NVIDIA GeForce RTX 5070 Ti",120,70,tartan-p003,real,405269,0.010000,65536,14945,0.114021,8,65536,A3-cuda,allocate,0.023224,0.023340,0.023548,0.022636,0.023192,30,"2820, 13801, 55, 198.27"
2,0,"NVIDIA GeForce RTX 5070 Ti",120,70,tartan-p003,real,405269,0.010000,65536,14945,0.114021,8,65536,A3-cuda,update,0.422844,0.424580,0.424588,0.420228,0.422966,30,"2820, 13801, 55, 198.27"
2,0,"NVIDIA GeForce RTX 5070 Ti",120,70,tartan-p003,real,405269,0.010000,65536,14945,0.114021,8,65536,A4-rust,allocate,0.028884,0.029164,0.029216,0.028768,0.028939,30,"2820, 13801, 55, 198.27"
2,0,"NVIDIA GeForce RTX 5070 Ti",120,70,tartan-p003,real,405269,0.010000,65536,14945,0.114021,8,65536,A4-rust,update,0.428792,0.430808,0.431372,0.426996,0.428900,30,"2820, 13801, 55, 198.27"
2,0,"NVIDIA GeForce RTX 5070 Ti",120,70,tartan-p003,real,405269,0.010000,65536,14945,0.114021,8,65536,A5-triton,allocate,0.660492,0.662360,0.662772,0.655532,0.659914,30,"2820, 13801, 55, 198.27"
2,0,"NVIDIA GeForce RTX 5070 Ti",120,70,tartan-p003,real,405269,0.010000,65536,14945,0.114021,8,65536,A5-triton,update,0.545352,0.546796,0.546924,0.543988,0.545393,30,"2820, 13801, 55, 198.27"
2,0,"NVIDIA GeForce RTX 5070 Ti",120,70,tartan-p004,real,400248,0.010000,65536,8663,0.066093,8,65536,A3-cuda,allocate,0.022152,0.023060,0.023096,0.021892,0.022234,30,"2820, 13801, 56, 200.41"
2,0,"NVIDIA GeForce RTX 5070 Ti",120,70,tartan-p004,real,400248,0.010000,65536,8663,0.066093,8,65536,A3-cuda,update,0.339836,0.341388,0.341448,0.338212,0.339767,30,"2820, 13801, 56, 200.41"
2,0,"NVIDIA GeForce RTX 5070 Ti",120,70,tartan-p004,real,400248,0.010000,65536,8663,0.066093,8,65536,A4-rust,allocate,0.028860,0.029052,0.029156,0.028588,0.028866,30,"2820, 13801, 56, 200.41"
2,0,"NVIDIA GeForce RTX 5070 Ti",120,70,tartan-p004,real,400248,0.010000,65536,8663,0.066093,8,65536,A4-rust,update,0.345068,0.346348,0.347116,0.343252,0.344989,30,"2820, 13801, 56, 200.41"
2,0,"NVIDIA GeForce RTX 5070 Ti",120,70,tartan-p004,real,400248,0.010000,65536,8663,0.066093,8,65536,A5-triton,allocate,0.655112,0.657980,0.658060,0.651072,0.654728,30,"2820, 13801, 56, 200.41"
2,0,"NVIDIA GeForce RTX 5070 Ti",120,70,tartan-p004,real,400248,0.010000,65536,8663,0.066093,8,65536,A5-triton,update,0.430820,0.431624,0.432876,0.428644,0.430760,30,"2820, 13801, 56, 200.41"
2,0,"NVIDIA GeForce RTX 5070 Ti",120,70,tartan-p005,real,401678,0.010000,65536,14219,0.108482,8,65536,A3-cuda,allocate,0.026564,0.027084,0.027380,0.026356,0.026651,30,"2820, 13801, 56, 196.32"
2,0,"NVIDIA GeForce RTX 5070 Ti",120,70,tartan-p005,real,401678,0.010000,65536,14219,0.108482,8,65536,A3-cuda,update,0.470384,0.471916,0.472076,0.467180,0.470330,30,"2820, 13801, 56, 196.32"
2,0,"NVIDIA GeForce RTX 5070 Ti",120,70,tartan-p005,real,401678,0.010000,65536,14219,0.108482,8,65536,A4-rust,allocate,0.034476,0.034924,0.034988,0.033632,0.034445,30,"2820, 13801, 56, 196.32"
2,0,"NVIDIA GeForce RTX 5070 Ti",120,70,tartan-p005,real,401678,0.010000,65536,14219,0.108482,8,65536,A4-rust,update,0.472044,0.473828,0.474056,0.469108,0.471785,30,"2820, 13801, 56, 196.32"
2,0,"NVIDIA GeForce RTX 5070 Ti",120,70,tartan-p005,real,401678,0.010000,65536,14219,0.108482,8,65536,A5-triton,allocate,0.658804,0.662036,0.664076,0.655152,0.659438,30,"2820, 13801, 56, 196.32"
2,0,"NVIDIA GeForce RTX 5070 Ti",120,70,tartan-p005,real,401678,0.010000,65536,14219,0.108482,8,65536,A5-triton,update,0.653408,0.659536,0.660592,0.647924,0.653841,30,"2820, 13801, 56, 196.32"
2,0,"NVIDIA GeForce RTX 5070 Ti",120,70,diner-p000,real,393624,0.010000,65536,12266,0.093582,8,65536,A3-cuda,allocate,0.024724,0.025184,0.025292,0.024644,0.024750,30,"2820, 13801, 58, 198.65"
2,0,"NVIDIA GeForce RTX 5070 Ti",120,70,diner-p000,real,393624,0.010000,65536,12266,0.093582,8,65536,A3-cuda,update,0.375552,0.377096,0.377128,0.373616,0.375758,30,"2820, 13801, 58, 198.65"
2,0,"NVIDIA GeForce RTX 5070 Ti",120,70,diner-p000,real,393624,0.010000,65536,12266,0.093582,8,65536,A4-rust,allocate,0.032876,0.033112,0.033248,0.032188,0.032822,30,"2820, 13801, 58, 198.65"
2,0,"NVIDIA GeForce RTX 5070 Ti",120,70,diner-p000,real,393624,0.010000,65536,12266,0.093582,8,65536,A4-rust,update,0.384484,0.386552,0.388088,0.381632,0.384577,30,"2820, 13801, 58, 198.65"
2,0,"NVIDIA GeForce RTX 5070 Ti",120,70,diner-p000,real,393624,0.010000,65536,12266,0.093582,8,65536,A5-triton,allocate,0.652800,0.655100,0.656632,0.648568,0.652529,30,"2820, 13801, 58, 198.65"
2,0,"NVIDIA GeForce RTX 5070 Ti",120,70,diner-p000,real,393624,0.010000,65536,12266,0.093582,8,65536,A5-triton,update,0.490488,0.492264,0.492652,0.488660,0.490592,30,"2820, 13801, 58, 198.65"
2,0,"NVIDIA GeForce RTX 5070 Ti",120,70,diner-p002,real,409600,0.010000,65536,2769,0.021126,8,65536,A3-cuda,allocate,0.021672,0.021884,0.022512,0.021372,0.021681,30,"2820, 13801, 59, 209.38"
2,0,"NVIDIA GeForce RTX 5070 Ti",120,70,diner-p002,real,409600,0.010000,65536,2769,0.021126,8,65536,A3-cuda,update,0.117048,0.117304,0.118632,0.115636,0.116733,30,"2820, 13801, 59, 209.38"
2,0,"NVIDIA GeForce RTX 5070 Ti",120,70,diner-p002,real,409600,0.010000,65536,2769,0.021126,8,65536,A4-rust,allocate,0.030572,0.030824,0.031036,0.029876,0.030488,30,"2820, 13801, 59, 209.38"
2,0,"NVIDIA GeForce RTX 5070 Ti",120,70,diner-p002,real,409600,0.010000,65536,2769,0.021126,8,65536,A4-rust,update,0.127272,0.129288,0.129328,0.126508,0.127521,30,"2820, 13801, 59, 209.38"
2,0,"NVIDIA GeForce RTX 5070 Ti",120,70,diner-p002,real,409600,0.010000,65536,2769,0.021126,8,65536,A5-triton,allocate,0.660108,0.663216,0.664092,0.656648,0.660144,30,"2820, 13801, 59, 209.38"
2,0,"NVIDIA GeForce RTX 5070 Ti",120,70,diner-p002,real,409600,0.010000,65536,2769,0.021126,8,65536,A5-triton,update,0.217328,0.218324,0.218348,0.216048,0.217285,30,"2820, 13801, 59, 209.38"
2,0,"NVIDIA GeForce RTX 5070 Ti",120,70,diner-p003,real,409600,0.010000,65536,15285,0.116615,8,65536,A3-cuda,allocate,0.023256,0.023696,0.024168,0.022936,0.023318,30,"2820, 13801, 58, 198.94"
2,0,"NVIDIA GeForce RTX 5070 Ti",120,70,diner-p003,real,409600,0.010000,65536,15285,0.116615,8,65536,A3-cuda,update,0.444172,0.445816,0.446200,0.441608,0.443864,30,"2820, 13801, 58, 198.94"
2,0,"NVIDIA GeForce RTX 5070 Ti",120,70,diner-p003,real,409600,0.010000,65536,15285,0.116615,8,65536,A4-rust,allocate,0.030952,0.031424,0.031648,0.030352,0.030961,30,"2820, 13801, 58, 198.94"
2,0,"NVIDIA GeForce RTX 5070 Ti",120,70,diner-p003,real,409600,0.010000,65536,15285,0.116615,8,65536,A4-rust,update,0.439292,0.441296,0.442472,0.437412,0.439154,30,"2820, 13801, 58, 198.94"
2,0,"NVIDIA GeForce RTX 5070 Ti",120,70,diner-p003,real,409600,0.010000,65536,15285,0.116615,8,65536,A5-triton,allocate,0.664104,0.666956,0.667508,0.658576,0.663987,30,"2820, 13801, 58, 198.94"
2,0,"NVIDIA GeForce RTX 5070 Ti",120,70,diner-p003,real,409600,0.010000,65536,15285,0.116615,8,65536,A5-triton,update,0.620888,0.623504,0.623736,0.617540,0.620958,30,"2820, 13801, 58, 198.94"
2,1,"NVIDIA GeForce RTX 5060",120,30,base,baseline,320000,0.010000,16384,1160,0.035400,8,65536,A3-cuda,allocate,0.054048,0.054524,0.054572,0.053432,0.054039,30,"2790, 13801, 48, 78.02"
2,1,"NVIDIA GeForce RTX 5060",120,30,base,baseline,320000,0.010000,16384,1160,0.035400,8,65536,A3-cuda,update,0.457208,0.459864,0.461504,0.452456,0.456955,30,"2790, 13801, 48, 78.02"
2,1,"NVIDIA GeForce RTX 5060",120,30,base,baseline,320000,0.010000,16384,1160,0.035400,8,65536,A4-rust,allocate,0.063204,0.063824,0.063940,0.062456,0.063159,30,"2790, 13801, 48, 78.02"
2,1,"NVIDIA GeForce RTX 5060",120,30,base,baseline,320000,0.010000,16384,1160,0.035400,8,65536,A4-rust,update,0.474812,0.480156,0.480896,0.470924,0.475297,30,"2790, 13801, 48, 78.02"
2,1,"NVIDIA GeForce RTX 5060",120,30,base,baseline,320000,0.010000,16384,1160,0.035400,8,65536,A5-triton,allocate,0.965764,0.967064,0.967164,0.963456,0.965607,30,"2790, 13801, 48, 78.02"
2,1,"NVIDIA GeForce RTX 5060",120,30,base,baseline,320000,0.010000,16384,1160,0.035400,8,65536,A5-triton,update,0.560124,0.562464,0.562792,0.557384,0.560024,30,"2790, 13801, 48, 78.02"
2,1,"NVIDIA GeForce RTX 5060",120,30,pts-20k,points,20000,0.010000,16384,1104,0.033691,8,65536,A3-cuda,allocate,0.008352,0.009004,0.009396,0.008008,0.008377,30,"2790, 13801, 46, 64.92"
2,1,"NVIDIA GeForce RTX 5060",120,30,pts-20k,points,20000,0.010000,16384,1104,0.033691,8,65536,A3-cuda,update,0.063876,0.065032,0.065112,0.062704,0.063936,30,"2790, 13801, 46, 64.92"
2,1,"NVIDIA GeForce RTX 5060",120,30,pts-20k,points,20000,0.010000,16384,1104,0.033691,8,65536,A4-rust,allocate,0.018640,0.018960,0.019136,0.018268,0.018637,30,"2790, 13801, 46, 64.92"
2,1,"NVIDIA GeForce RTX 5060",120,30,pts-20k,points,20000,0.010000,16384,1104,0.033691,8,65536,A4-rust,update,0.064168,0.064672,0.065180,0.062992,0.064103,30,"2790, 13801, 46, 64.92"
2,1,"NVIDIA GeForce RTX 5060",120,30,pts-20k,points,20000,0.010000,16384,1104,0.033691,8,65536,A5-triton,allocate,0.095000,0.095344,0.095476,0.094356,0.094996,30,"2790, 13801, 46, 64.92"
2,1,"NVIDIA GeForce RTX 5060",120,30,pts-20k,points,20000,0.010000,16384,1104,0.033691,8,65536,A5-triton,update,0.099784,0.100508,0.100820,0.099004,0.099763,30,"2790, 13801, 46, 64.92"
2,1,"NVIDIA GeForce RTX 5060",120,30,pts-80k,points,80000,0.010000,16384,1160,0.035400,8,65536,A3-cuda,allocate,0.019064,0.019328,0.019424,0.018576,0.019051,30,"2790, 13801, 47, 64.94"
2,1,"NVIDIA GeForce RTX 5060",120,30,pts-80k,points,80000,0.010000,16384,1160,0.035400,8,65536,A3-cuda,update,0.131504,0.132708,0.132740,0.130284,0.131443,30,"2790, 13801, 47, 64.94"
2,1,"NVIDIA GeForce RTX 5060",120,30,pts-80k,points,80000,0.010000,16384,1160,0.035400,8,65536,A4-rust,allocate,0.025124,0.025512,0.025756,0.024356,0.025068,30,"2790, 13801, 47, 64.94"
2,1,"NVIDIA GeForce RTX 5060",120,30,pts-80k,points,80000,0.010000,16384,1160,0.035400,8,65536,A4-rust,update,0.141604,0.142628,0.143016,0.140300,0.141606,30,"2790, 13801, 47, 64.94"
2,1,"NVIDIA GeForce RTX 5060",120,30,pts-80k,points,80000,0.010000,16384,1160,0.035400,8,65536,A5-triton,allocate,0.307576,0.314540,0.317280,0.301964,0.307360,30,"2790, 13801, 47, 64.94"
2,1,"NVIDIA GeForce RTX 5060",120,30,pts-80k,points,80000,0.010000,16384,1160,0.035400,8,65536,A5-triton,update,0.190656,0.192004,0.192444,0.189200,0.190706,30,"2790, 13801, 47, 64.94"
2,1,"NVIDIA GeForce RTX 5060",120,30,pts-720k,points,720000,0.010000,16384,1160,0.035400,8,65536,A3-cuda,allocate,0.102080,0.102740,0.103052,0.101516,0.102089,30,"2790, 13801, 51, 83.54"
2,1,"NVIDIA GeForce RTX 5060",120,30,pts-720k,points,720000,0.010000,16384,1160,0.035400,8,65536,A3-cuda,update,0.965588,0.969048,0.969852,0.957524,0.965023,30,"2790, 13801, 51, 83.54"
2,1,"NVIDIA GeForce RTX 5060",120,30,pts-720k,points,720000,0.010000,16384,1160,0.035400,8,65536,A4-rust,allocate,0.116148,0.117360,0.117372,0.114432,0.116083,30,"2790, 13801, 51, 83.54"
2,1,"NVIDIA GeForce RTX 5060",120,30,pts-720k,points,720000,0.010000,16384,1160,0.035400,8,65536,A4-rust,update,0.981900,0.988316,0.988592,0.976024,0.982029,30,"2790, 13801, 51, 83.54"
2,1,"NVIDIA GeForce RTX 5060",120,30,pts-720k,points,720000,0.010000,16384,1160,0.035400,8,65536,A5-triton,allocate,2.151768,2.154048,2.155120,2.146816,2.151295,30,"2790, 13801, 51, 83.54"
2,1,"NVIDIA GeForce RTX 5060",120,30,pts-720k,points,720000,0.010000,16384,1160,0.035400,8,65536,A5-triton,update,1.144396,1.147696,1.148024,1.140044,1.144414,30,"2790, 13801, 51, 83.54"
2,1,"NVIDIA GeForce RTX 5060",120,30,pts-1280k,points,1280000,0.010000,16384,1160,0.035400,8,65536,A3-cuda,allocate,0.167980,0.169188,0.169460,0.166364,0.167856,30,"2782, 13801, 53, 87.39"
2,1,"NVIDIA GeForce RTX 5060",120,30,pts-1280k,points,1280000,0.010000,16384,1160,0.035400,8,65536,A3-cuda,update,1.541232,1.549124,1.550308,1.535296,1.541811,30,"2782, 13801, 53, 87.39"
2,1,"NVIDIA GeForce RTX 5060",120,30,pts-1280k,points,1280000,0.010000,16384,1160,0.035400,8,65536,A4-rust,allocate,0.186568,0.187712,0.187904,0.183972,0.186292,30,"2782, 13801, 53, 87.39"
2,1,"NVIDIA GeForce RTX 5060",120,30,pts-1280k,points,1280000,0.010000,16384,1160,0.035400,8,65536,A4-rust,update,1.549988,1.558188,1.559460,1.540256,1.549838,30,"2782, 13801, 53, 87.39"
2,1,"NVIDIA GeForce RTX 5060",120,30,pts-1280k,points,1280000,0.010000,16384,1160,0.035400,8,65536,A5-triton,allocate,3.851008,3.855992,3.856672,3.845608,3.851321,30,"2782, 13801, 53, 87.39"
2,1,"NVIDIA GeForce RTX 5060",120,30,pts-1280k,points,1280000,0.010000,16384,1160,0.035400,8,65536,A5-triton,update,1.856172,1.858744,1.861068,1.851056,1.855710,30,"2782, 13801, 53, 87.39"
2,1,"NVIDIA GeForce RTX 5060",120,30,r-0.25,extent,320000,0.010000,16384,280,0.008545,8,65536,A3-cuda,allocate,0.044824,0.045124,0.045616,0.043692,0.044527,30,"2790, 13801, 51, 76.55"
2,1,"NVIDIA GeForce RTX 5060",120,30,r-0.25,extent,320000,0.010000,16384,280,0.008545,8,65536,A3-cuda,update,0.415208,0.417260,0.418544,0.410572,0.414493,30,"2790, 13801, 51, 76.55"
2,1,"NVIDIA GeForce RTX 5060",120,30,r-0.25,extent,320000,0.010000,16384,280,0.008545,8,65536,A4-rust,allocate,0.057344,0.058428,0.058644,0.056616,0.057499,30,"2790, 13801, 51, 76.55"
2,1,"NVIDIA GeForce RTX 5060",120,30,r-0.25,extent,320000,0.010000,16384,280,0.008545,8,65536,A4-rust,update,0.439124,0.447156,0.447960,0.434364,0.438856,30,"2790, 13801, 51, 76.55"
2,1,"NVIDIA GeForce RTX 5060",120,30,r-0.25,extent,320000,0.010000,16384,280,0.008545,8,65536,A5-triton,allocate,0.969096,0.969812,0.970628,0.966988,0.968806,30,"2790, 13801, 51, 76.55"
2,1,"NVIDIA GeForce RTX 5060",120,30,r-0.25,extent,320000,0.010000,16384,280,0.008545,8,65536,A5-triton,update,0.508444,0.510404,0.511164,0.504308,0.508208,30,"2790, 13801, 51, 76.55"
2,1,"NVIDIA GeForce RTX 5060",120,30,r-1.0,extent,320000,0.010000,65536,4752,0.036255,8,65536,A3-cuda,allocate,0.061800,0.062204,0.062212,0.060864,0.061768,30,"2790, 13801, 51, 72.50"
2,1,"NVIDIA GeForce RTX 5060",120,30,r-1.0,extent,320000,0.010000,65536,4752,0.036255,8,65536,A3-cuda,update,0.522776,0.524572,0.526260,0.521040,0.523007,30,"2790, 13801, 51, 72.50"
2,1,"NVIDIA GeForce RTX 5060",120,30,r-1.0,extent,320000,0.010000,65536,4752,0.036255,8,65536,A4-rust,allocate,0.069296,0.069868,0.069956,0.068812,0.069271,30,"2790, 13801, 51, 72.50"
2,1,"NVIDIA GeForce RTX 5060",120,30,r-1.0,extent,320000,0.010000,65536,4752,0.036255,8,65536,A4-rust,update,0.532264,0.535476,0.536340,0.529680,0.532423,30,"2790, 13801, 51, 72.50"
2,1,"NVIDIA GeForce RTX 5060",120,30,r-1.0,extent,320000,0.010000,65536,4752,0.036255,8,65536,A5-triton,allocate,0.967684,0.969544,0.970528,0.965564,0.967933,30,"2790, 13801, 51, 72.50"
2,1,"NVIDIA GeForce RTX 5060",120,30,r-1.0,extent,320000,0.010000,65536,4752,0.036255,8,65536,A5-triton,update,0.652344,0.654896,0.655372,0.650536,0.652355,30,"2790, 13801, 51, 72.50"
2,1,"NVIDIA GeForce RTX 5060",120,30,r-2.0,extent,320000,0.010000,131072,18160,0.069275,4,65536,A3-cuda,allocate,0.088272,0.090256,0.090800,0.086632,0.088166,30,"2790, 13801, 49, 69.48"
2,1,"NVIDIA GeForce RTX 5060",120,30,r-2.0,extent,320000,0.010000,131072,18160,0.069275,4,65536,A3-cuda,update,1.181368,1.184752,1.185936,1.175832,1.180677,30,"2790, 13801, 49, 69.48"
2,1,"NVIDIA GeForce RTX 5060",120,30,r-2.0,extent,320000,0.010000,131072,18160,0.069275,4,65536,A4-rust,allocate,0.089640,0.091024,0.091416,0.088856,0.089778,30,"2790, 13801, 49, 69.48"
2,1,"NVIDIA GeForce RTX 5060",120,30,r-2.0,extent,320000,0.010000,131072,18160,0.069275,4,65536,A4-rust,update,1.157056,1.160368,1.160616,1.150544,1.156551,30,"2790, 13801, 49, 69.48"
2,1,"NVIDIA GeForce RTX 5060",120,30,r-2.0,extent,320000,0.010000,131072,18160,0.069275,4,65536,A5-triton,allocate,0.982200,0.985088,0.985760,0.978088,0.981913,30,"2790, 13801, 49, 69.48"
2,1,"NVIDIA GeForce RTX 5060",120,30,r-2.0,extent,320000,0.010000,131072,18160,0.069275,4,65536,A5-triton,update,1.700136,1.705368,1.707256,1.694840,1.700497,30,"2790, 13801, 49, 69.48"
2,1,"NVIDIA GeForce RTX 5060",120,30,lf-sparse,loadfactor,320000,0.010000,18560,1160,0.017700,8,65536,A3-cuda,allocate,0.050376,0.051108,0.051108,0.049848,0.050466,30,"2790, 13801, 51, 71.33"
2,1,"NVIDIA GeForce RTX 5060",120,30,lf-sparse,loadfactor,320000,0.010000,18560,1160,0.017700,8,65536,A3-cuda,update,0.459592,0.461536,0.462948,0.455184,0.458901,30,"2790, 13801, 51, 71.33"
2,1,"NVIDIA GeForce RTX 5060",120,30,lf-sparse,loadfactor,320000,0.010000,18560,1160,0.017700,8,65536,A4-rust,allocate,0.059384,0.059856,0.059868,0.058736,0.059294,30,"2790, 13801, 51, 71.33"
2,1,"NVIDIA GeForce RTX 5060",120,30,lf-sparse,loadfactor,320000,0.010000,18560,1160,0.017700,8,65536,A4-rust,update,0.478320,0.482368,0.483984,0.474004,0.478471,30,"2790, 13801, 51, 71.33"
2,1,"NVIDIA GeForce RTX 5060",120,30,lf-sparse,loadfactor,320000,0.010000,18560,1160,0.017700,8,65536,A5-triton,allocate,0.965308,0.967204,0.967524,0.961696,0.964912,30,"2790, 13801, 51, 71.33"
2,1,"NVIDIA GeForce RTX 5060",120,30,lf-sparse,loadfactor,320000,0.010000,18560,1160,0.017700,8,65536,A5-triton,update,0.563456,0.565808,0.566708,0.560768,0.563431,30,"2790, 13801, 51, 71.33"
2,1,"NVIDIA GeForce RTX 5060",120,30,plane-320k,shape,320356,0.010000,16384,1060,0.032349,8,65536,A3-cuda,allocate,0.053224,0.054040,0.054068,0.052824,0.053248,30,"2782, 13801, 52, 76.23"
2,1,"NVIDIA GeForce RTX 5060",120,30,plane-320k,shape,320356,0.010000,16384,1060,0.032349,8,65536,A3-cuda,update,0.619892,0.622956,0.625640,0.616924,0.620329,30,"2782, 13801, 52, 76.23"
2,1,"NVIDIA GeForce RTX 5060",120,30,plane-320k,shape,320356,0.010000,16384,1060,0.032349,8,65536,A4-rust,allocate,0.058616,0.059268,0.059336,0.058176,0.058643,30,"2782, 13801, 52, 76.23"
2,1,"NVIDIA GeForce RTX 5060",120,30,plane-320k,shape,320356,0.010000,16384,1060,0.032349,8,65536,A4-rust,update,0.627752,0.630572,0.631056,0.623916,0.627795,30,"2782, 13801, 52, 76.23"
2,1,"NVIDIA GeForce RTX 5060",120,30,plane-320k,shape,320356,0.010000,16384,1060,0.032349,8,65536,A5-triton,allocate,0.965288,0.967320,0.968108,0.963784,0.965585,30,"2782, 13801, 52, 76.23"
2,1,"NVIDIA GeForce RTX 5060",120,30,plane-320k,shape,320356,0.010000,16384,1060,0.032349,8,65536,A5-triton,update,0.699420,0.702480,0.703332,0.694828,0.699497,30,"2782, 13801, 52, 76.23"
2,1,"NVIDIA GeForce RTX 5060",120,30,tartan-cold,real,407444,0.010000,65536,10245,0.078163,8,65536,A3-cuda,allocate,0.071084,0.071380,0.071544,0.070316,0.071070,30,"2790, 13801, 52, 75.75"
2,1,"NVIDIA GeForce RTX 5060",120,30,tartan-cold,real,407444,0.010000,65536,10245,0.078163,8,65536,A3-cuda,update,0.834404,0.836080,0.836120,0.831280,0.833893,30,"2790, 13801, 52, 75.75"
2,1,"NVIDIA GeForce RTX 5060",120,30,tartan-cold,real,407444,0.010000,65536,10245,0.078163,8,65536,A4-rust,allocate,0.080628,0.080952,0.081112,0.080328,0.080646,30,"2790, 13801, 52, 75.75"
2,1,"NVIDIA GeForce RTX 5060",120,30,tartan-cold,real,407444,0.010000,65536,10245,0.078163,8,65536,A4-rust,update,0.834744,0.837536,0.837796,0.831936,0.834583,30,"2790, 13801, 52, 75.75"
2,1,"NVIDIA GeForce RTX 5060",120,30,tartan-cold,real,407444,0.010000,65536,10245,0.078163,8,65536,A5-triton,allocate,1.226040,1.228320,1.228692,1.222968,1.226035,30,"2790, 13801, 52, 75.75"
2,1,"NVIDIA GeForce RTX 5060",120,30,tartan-cold,real,407444,0.010000,65536,10245,0.078163,8,65536,A5-triton,update,1.109792,1.112140,1.113128,1.104520,1.109169,30,"2790, 13801, 52, 75.75"
2,1,"NVIDIA GeForce RTX 5060",120,30,tartan-warm,real,407444,0.010000,65536,14332,0.109344,8,65536,A3-cuda,allocate,0.051464,0.052420,0.052560,0.051292,0.051542,30,"2782, 13801, 55, 93.05"
2,1,"NVIDIA GeForce RTX 5060",120,30,tartan-warm,real,407444,0.010000,65536,14332,0.109344,8,65536,A3-cuda,update,0.711516,0.713212,0.713572,0.707068,0.711100,30,"2782, 13801, 55, 93.05"
2,1,"NVIDIA GeForce RTX 5060",120,30,tartan-warm,real,407444,0.010000,65536,14332,0.109344,8,65536,A4-rust,allocate,0.057880,0.058068,0.058084,0.057660,0.057890,30,"2782, 13801, 55, 93.05"
2,1,"NVIDIA GeForce RTX 5060",120,30,tartan-warm,real,407444,0.010000,65536,14332,0.109344,8,65536,A4-rust,update,0.710180,0.711336,0.711608,0.706816,0.709757,30,"2782, 13801, 55, 93.05"
2,1,"NVIDIA GeForce RTX 5060",120,30,tartan-warm,real,407444,0.010000,65536,14332,0.109344,8,65536,A5-triton,allocate,1.222444,1.224204,1.224280,1.219892,1.222270,30,"2782, 13801, 55, 93.05"
2,1,"NVIDIA GeForce RTX 5060",120,30,tartan-warm,real,407444,0.010000,65536,14332,0.109344,8,65536,A5-triton,update,1.006608,1.009640,1.009844,1.003212,1.006659,30,"2782, 13801, 55, 93.05"
2,1,"NVIDIA GeForce RTX 5060",120,30,tartan-p001,real,374692,0.010000,65536,5582,0.042587,8,65536,A3-cuda,allocate,0.043436,0.043820,0.044008,0.043240,0.043458,30,"2782, 13801, 57, 93.86"
2,1,"NVIDIA GeForce RTX 5060",120,30,tartan-p001,real,374692,0.010000,65536,5582,0.042587,8,65536,A3-cuda,update,0.376828,0.378332,0.378332,0.375380,0.376843,30,"2782, 13801, 57, 93.86"
2,1,"NVIDIA GeForce RTX 5060",120,30,tartan-p001,real,374692,0.010000,65536,5582,0.042587,8,65536,A4-rust,allocate,0.051704,0.051956,0.052144,0.051508,0.051703,30,"2782, 13801, 57, 93.86"
2,1,"NVIDIA GeForce RTX 5060",120,30,tartan-p001,real,374692,0.010000,65536,5582,0.042587,8,65536,A4-rust,update,0.383896,0.385984,0.386472,0.381368,0.383883,30,"2782, 13801, 57, 93.86"
2,1,"NVIDIA GeForce RTX 5060",120,30,tartan-p001,real,374692,0.010000,65536,5582,0.042587,8,65536,A5-triton,allocate,1.136172,1.138076,1.138188,1.132424,1.135859,30,"2782, 13801, 57, 93.86"
2,1,"NVIDIA GeForce RTX 5060",120,30,tartan-p001,real,374692,0.010000,65536,5582,0.042587,8,65536,A5-triton,update,0.536224,0.537996,0.538144,0.534568,0.536219,30,"2782, 13801, 57, 93.86"
2,1,"NVIDIA GeForce RTX 5060",120,30,tartan-p003,real,405269,0.010000,65536,14945,0.114021,8,65536,A3-cuda,allocate,0.051112,0.051452,0.051552,0.050608,0.051083,30,"2782, 13801, 59, 96.88"
2,1,"NVIDIA GeForce RTX 5060",120,30,tartan-p003,real,405269,0.010000,65536,14945,0.114021,8,65536,A3-cuda,update,0.805312,0.808124,0.808172,0.803680,0.805410,30,"2782, 13801, 59, 96.88"
2,1,"NVIDIA GeForce RTX 5060",120,30,tartan-p003,real,405269,0.010000,65536,14945,0.114021,8,65536,A4-rust,allocate,0.057888,0.058584,0.058752,0.057652,0.057967,30,"2782, 13801, 59, 96.88"
2,1,"NVIDIA GeForce RTX 5060",120,30,tartan-p003,real,405269,0.010000,65536,14945,0.114021,8,65536,A4-rust,update,0.807588,0.810132,0.810364,0.804776,0.807684,30,"2782, 13801, 59, 96.88"
2,1,"NVIDIA GeForce RTX 5060",120,30,tartan-p003,real,405269,0.010000,65536,14945,0.114021,8,65536,A5-triton,allocate,1.217328,1.220656,1.221324,1.213816,1.217628,30,"2782, 13801, 59, 96.88"
2,1,"NVIDIA GeForce RTX 5060",120,30,tartan-p003,real,405269,0.010000,65536,14945,0.114021,8,65536,A5-triton,update,1.052984,1.055528,1.057544,1.050428,1.053007,30,"2782, 13801, 59, 96.88"
2,1,"NVIDIA GeForce RTX 5060",120,30,tartan-p004,real,400248,0.010000,65536,8663,0.066093,8,65536,A3-cuda,allocate,0.049344,0.049652,0.049656,0.048612,0.049174,30,"2782, 13801, 61, 96.15"
2,1,"NVIDIA GeForce RTX 5060",120,30,tartan-p004,real,400248,0.010000,65536,8663,0.066093,8,65536,A3-cuda,update,0.665732,0.668420,0.668476,0.663884,0.665918,30,"2782, 13801, 61, 96.15"
2,1,"NVIDIA GeForce RTX 5060",120,30,tartan-p004,real,400248,0.010000,65536,8663,0.066093,8,65536,A4-rust,allocate,0.057024,0.057868,0.058208,0.055864,0.057034,30,"2782, 13801, 61, 96.15"
2,1,"NVIDIA GeForce RTX 5060",120,30,tartan-p004,real,400248,0.010000,65536,8663,0.066093,8,65536,A4-rust,update,0.666760,0.669952,0.669956,0.665188,0.667061,30,"2782, 13801, 61, 96.15"
2,1,"NVIDIA GeForce RTX 5060",120,30,tartan-p004,real,400248,0.010000,65536,8663,0.066093,8,65536,A5-triton,allocate,1.203288,1.205820,1.207136,1.199372,1.203127,30,"2782, 13801, 61, 96.15"
2,1,"NVIDIA GeForce RTX 5060",120,30,tartan-p004,real,400248,0.010000,65536,8663,0.066093,8,65536,A5-triton,update,0.800460,0.801800,0.801936,0.798080,0.800462,30,"2782, 13801, 61, 96.15"
2,1,"NVIDIA GeForce RTX 5060",120,30,tartan-p005,real,401678,0.010000,65536,14219,0.108482,8,65536,A3-cuda,allocate,0.057724,0.058476,0.058652,0.057464,0.057811,30,"2782, 13801, 61, 94.00"
2,1,"NVIDIA GeForce RTX 5060",120,30,tartan-p005,real,401678,0.010000,65536,14219,0.108482,8,65536,A3-cuda,update,0.910064,0.912948,0.913008,0.906952,0.910194,30,"2782, 13801, 61, 94.00"
2,1,"NVIDIA GeForce RTX 5060",120,30,tartan-p005,real,401678,0.010000,65536,14219,0.108482,8,65536,A4-rust,allocate,0.067364,0.067852,0.067880,0.066784,0.067401,30,"2782, 13801, 61, 94.00"
2,1,"NVIDIA GeForce RTX 5060",120,30,tartan-p005,real,401678,0.010000,65536,14219,0.108482,8,65536,A4-rust,update,0.905132,0.907668,0.908728,0.901276,0.905176,30,"2782, 13801, 61, 94.00"
2,1,"NVIDIA GeForce RTX 5060",120,30,tartan-p005,real,401678,0.010000,65536,14219,0.108482,8,65536,A5-triton,allocate,1.214096,1.215712,1.216300,1.210832,1.213751,30,"2782, 13801, 61, 94.00"
2,1,"NVIDIA GeForce RTX 5060",120,30,tartan-p005,real,401678,0.010000,65536,14219,0.108482,8,65536,A5-triton,update,1.270348,1.276980,1.277244,1.265440,1.270433,30,"2782, 13801, 61, 94.00"
2,1,"NVIDIA GeForce RTX 5060",120,30,diner-p000,real,393624,0.010000,65536,12266,0.093582,8,65536,A3-cuda,allocate,0.053324,0.054176,0.054252,0.052844,0.053545,30,"2767, 13801, 60, 96.06"
2,1,"NVIDIA GeForce RTX 5060",120,30,diner-p000,real,393624,0.010000,65536,12266,0.093582,8,65536,A3-cuda,update,0.727116,0.729964,0.730224,0.725444,0.727545,30,"2767, 13801, 60, 96.06"
2,1,"NVIDIA GeForce RTX 5060",120,30,diner-p000,real,393624,0.010000,65536,12266,0.093582,8,65536,A4-rust,allocate,0.063824,0.064180,0.064184,0.063256,0.063799,30,"2767, 13801, 60, 96.06"
2,1,"NVIDIA GeForce RTX 5060",120,30,diner-p000,real,393624,0.010000,65536,12266,0.093582,8,65536,A4-rust,update,0.732140,0.733768,0.734512,0.728592,0.731953,30,"2767, 13801, 60, 96.06"
2,1,"NVIDIA GeForce RTX 5060",120,30,diner-p000,real,393624,0.010000,65536,12266,0.093582,8,65536,A5-triton,allocate,1.188712,1.191528,1.192752,1.185404,1.188864,30,"2767, 13801, 60, 96.06"
2,1,"NVIDIA GeForce RTX 5060",120,30,diner-p000,real,393624,0.010000,65536,12266,0.093582,8,65536,A5-triton,update,0.915912,0.918872,0.919020,0.912060,0.915587,30,"2767, 13801, 60, 96.06"
2,1,"NVIDIA GeForce RTX 5060",120,30,diner-p002,real,409600,0.010000,65536,2769,0.021126,8,65536,A3-cuda,allocate,0.048048,0.048220,0.048784,0.047828,0.048065,30,"2767, 13801, 63, 95.25"
2,1,"NVIDIA GeForce RTX 5060",120,30,diner-p002,real,409600,0.010000,65536,2769,0.021126,8,65536,A3-cuda,update,0.230844,0.232304,0.232428,0.229340,0.230723,30,"2767, 13801, 63, 95.25"
2,1,"NVIDIA GeForce RTX 5060",120,30,diner-p002,real,409600,0.010000,65536,2769,0.021126,8,65536,A4-rust,allocate,0.058036,0.058412,0.058528,0.057720,0.058036,30,"2767, 13801, 63, 95.25"
2,1,"NVIDIA GeForce RTX 5060",120,30,diner-p002,real,409600,0.010000,65536,2769,0.021126,8,65536,A4-rust,update,0.239256,0.240920,0.240936,0.237524,0.239392,30,"2767, 13801, 63, 95.25"
2,1,"NVIDIA GeForce RTX 5060",120,30,diner-p002,real,409600,0.010000,65536,2769,0.021126,8,65536,A5-triton,allocate,1.228844,1.230536,1.231176,1.226188,1.228520,30,"2767, 13801, 63, 95.25"
2,1,"NVIDIA GeForce RTX 5060",120,30,diner-p002,real,409600,0.010000,65536,2769,0.021126,8,65536,A5-triton,update,0.391516,0.392912,0.393004,0.390292,0.391489,30,"2767, 13801, 63, 95.25"
2,1,"NVIDIA GeForce RTX 5060",120,30,diner-p003,real,409600,0.010000,65536,15285,0.116615,8,65536,A3-cuda,allocate,0.051328,0.051648,0.052420,0.051052,0.051350,30,"2775, 13801, 62, 95.51"
2,1,"NVIDIA GeForce RTX 5060",120,30,diner-p003,real,409600,0.010000,65536,15285,0.116615,8,65536,A3-cuda,update,0.851632,0.854516,0.855784,0.848484,0.852166,30,"2775, 13801, 62, 95.51"
2,1,"NVIDIA GeForce RTX 5060",120,30,diner-p003,real,409600,0.010000,65536,15285,0.116615,8,65536,A4-rust,allocate,0.059908,0.060132,0.060216,0.059636,0.059904,30,"2775, 13801, 62, 95.51"
2,1,"NVIDIA GeForce RTX 5060",120,30,diner-p003,real,409600,0.010000,65536,15285,0.116615,8,65536,A4-rust,update,0.840592,0.842124,0.842924,0.838316,0.840626,30,"2775, 13801, 62, 95.51"
2,1,"NVIDIA GeForce RTX 5060",120,30,diner-p003,real,409600,0.010000,65536,15285,0.116615,8,65536,A5-triton,allocate,1.232672,1.235144,1.237012,1.230388,1.232890,30,"2775, 13801, 62, 95.51"
2,1,"NVIDIA GeForce RTX 5060",120,30,diner-p003,real,409600,0.010000,65536,15285,0.116615,8,65536,A5-triton,update,1.283872,1.289536,1.290064,1.278740,1.284040,30,"2775, 13801, 62, 95.51"
3,0,"NVIDIA GeForce RTX 5070 Ti",120,70,base,baseline,320000,0.010000,16384,1160,0.035400,8,65536,A3-cuda,allocate,0.028000,0.028304,0.028316,0.027684,0.027985,30,"2827, 13801, 45, 98.20"
3,0,"NVIDIA GeForce RTX 5070 Ti",120,70,base,baseline,320000,0.010000,16384,1160,0.035400,8,65536,A3-cuda,update,0.249660,0.251572,0.252220,0.247816,0.249857,30,"2827, 13801, 45, 98.20"
3,0,"NVIDIA GeForce RTX 5070 Ti",120,70,base,baseline,320000,0.010000,16384,1160,0.035400,8,65536,A4-rust,allocate,0.037060,0.037468,0.037560,0.036500,0.037045,30,"2827, 13801, 45, 98.20"
3,0,"NVIDIA GeForce RTX 5070 Ti",120,70,base,baseline,320000,0.010000,16384,1160,0.035400,8,65536,A4-rust,update,0.270508,0.272664,0.273148,0.267048,0.270289,30,"2827, 13801, 45, 98.20"
3,0,"NVIDIA GeForce RTX 5070 Ti",120,70,base,baseline,320000,0.010000,16384,1160,0.035400,8,65536,A5-triton,allocate,0.500940,0.503464,0.503808,0.497288,0.500734,30,"2827, 13801, 45, 98.20"
3,0,"NVIDIA GeForce RTX 5070 Ti",120,70,base,baseline,320000,0.010000,16384,1160,0.035400,8,65536,A5-triton,update,0.326884,0.328208,0.329964,0.325112,0.326876,30,"2827, 13801, 45, 98.20"
3,0,"NVIDIA GeForce RTX 5070 Ti",120,70,pts-20k,points,20000,0.010000,16384,1104,0.033691,8,65536,A3-cuda,allocate,0.004984,0.005180,0.005292,0.004836,0.004993,30,"2827, 13801, 45, 107.00"
3,0,"NVIDIA GeForce RTX 5070 Ti",120,70,pts-20k,points,20000,0.010000,16384,1104,0.033691,8,65536,A3-cuda,update,0.034504,0.035500,0.035708,0.033544,0.034472,30,"2827, 13801, 45, 107.00"
3,0,"NVIDIA GeForce RTX 5070 Ti",120,70,pts-20k,points,20000,0.010000,16384,1104,0.033691,8,65536,A4-rust,allocate,0.016592,0.017132,0.017132,0.016312,0.016688,30,"2827, 13801, 45, 107.00"
3,0,"NVIDIA GeForce RTX 5070 Ti",120,70,pts-20k,points,20000,0.010000,16384,1104,0.033691,8,65536,A4-rust,update,0.040940,0.041524,0.042024,0.040164,0.040981,30,"2827, 13801, 45, 107.00"
3,0,"NVIDIA GeForce RTX 5070 Ti",120,70,pts-20k,points,20000,0.010000,16384,1104,0.033691,8,65536,A5-triton,allocate,0.085708,0.086288,0.086412,0.084900,0.085743,30,"2827, 13801, 45, 107.00"
3,0,"NVIDIA GeForce RTX 5070 Ti",120,70,pts-20k,points,20000,0.010000,16384,1104,0.033691,8,65536,A5-triton,update,0.088084,0.088548,0.088608,0.087312,0.088125,30,"2827, 13801, 45, 107.00"
3,0,"NVIDIA GeForce RTX 5070 Ti",120,70,pts-80k,points,80000,0.010000,16384,1160,0.035400,8,65536,A3-cuda,allocate,0.010400,0.011252,0.011324,0.009976,0.010538,30,"2827, 13801, 45, 152.79"
3,0,"NVIDIA GeForce RTX 5070 Ti",120,70,pts-80k,points,80000,0.010000,16384,1160,0.035400,8,65536,A3-cuda,update,0.069564,0.070204,0.070952,0.068524,0.069591,30,"2827, 13801, 45, 152.79"
3,0,"NVIDIA GeForce RTX 5070 Ti",120,70,pts-80k,points,80000,0.010000,16384,1160,0.035400,8,65536,A4-rust,allocate,0.017852,0.018268,0.018424,0.016636,0.017756,30,"2827, 13801, 45, 152.79"
3,0,"NVIDIA GeForce RTX 5070 Ti",120,70,pts-80k,points,80000,0.010000,16384,1160,0.035400,8,65536,A4-rust,update,0.082096,0.083452,0.083644,0.080888,0.082007,30,"2827, 13801, 45, 152.79"
3,0,"NVIDIA GeForce RTX 5070 Ti",120,70,pts-80k,points,80000,0.010000,16384,1160,0.035400,8,65536,A5-triton,allocate,0.149436,0.149992,0.150020,0.148668,0.149356,30,"2827, 13801, 45, 152.79"
3,0,"NVIDIA GeForce RTX 5070 Ti",120,70,pts-80k,points,80000,0.010000,16384,1160,0.035400,8,65536,A5-triton,update,0.118372,0.119056,0.119160,0.116532,0.118258,30,"2827, 13801, 45, 152.79"
3,0,"NVIDIA GeForce RTX 5070 Ti",120,70,pts-720k,points,720000,0.010000,16384,1160,0.035400,8,65536,A3-cuda,allocate,0.051764,0.052764,0.052864,0.051304,0.051861,30,"2827, 13801, 48, 167.04"
3,0,"NVIDIA GeForce RTX 5070 Ti",120,70,pts-720k,points,720000,0.010000,16384,1160,0.035400,8,65536,A3-cuda,update,0.542980,0.545032,0.545544,0.538604,0.542788,30,"2827, 13801, 48, 167.04"
3,0,"NVIDIA GeForce RTX 5070 Ti",120,70,pts-720k,points,720000,0.010000,16384,1160,0.035400,8,65536,A4-rust,allocate,0.062932,0.063856,0.063976,0.062076,0.062986,30,"2827, 13801, 48, 167.04"
3,0,"NVIDIA GeForce RTX 5070 Ti",120,70,pts-720k,points,720000,0.010000,16384,1160,0.035400,8,65536,A4-rust,update,0.565088,0.569976,0.569976,0.558456,0.564622,30,"2827, 13801, 48, 167.04"
3,0,"NVIDIA GeForce RTX 5070 Ti",120,70,pts-720k,points,720000,0.010000,16384,1160,0.035400,8,65536,A5-triton,allocate,1.124820,1.129804,1.131856,1.120516,1.125191,30,"2827, 13801, 48, 167.04"
3,0,"NVIDIA GeForce RTX 5070 Ti",120,70,pts-720k,points,720000,0.010000,16384,1160,0.035400,8,65536,A5-triton,update,0.640768,0.644600,0.644784,0.635620,0.640542,30,"2827, 13801, 48, 167.04"
3,0,"NVIDIA GeForce RTX 5070 Ti",120,70,pts-1280k,points,1280000,0.010000,16384,1160,0.035400,8,65536,A3-cuda,allocate,0.079048,0.080128,0.080232,0.078436,0.079358,30,"2827, 13801, 49, 171.84"
3,0,"NVIDIA GeForce RTX 5070 Ti",120,70,pts-1280k,points,1280000,0.010000,16384,1160,0.035400,8,65536,A3-cuda,update,0.895884,0.902260,0.903808,0.891512,0.896467,30,"2827, 13801, 49, 171.84"
3,0,"NVIDIA GeForce RTX 5070 Ti",120,70,pts-1280k,points,1280000,0.010000,16384,1160,0.035400,8,65536,A4-rust,allocate,0.094668,0.095984,0.096960,0.093556,0.094800,30,"2827, 13801, 49, 171.84"
3,0,"NVIDIA GeForce RTX 5070 Ti",120,70,pts-1280k,points,1280000,0.010000,16384,1160,0.035400,8,65536,A4-rust,update,0.927704,0.934092,0.935160,0.923656,0.927928,30,"2827, 13801, 49, 171.84"
3,0,"NVIDIA GeForce RTX 5070 Ti",120,70,pts-1280k,points,1280000,0.010000,16384,1160,0.035400,8,65536,A5-triton,allocate,1.941876,1.946444,1.950668,1.936504,1.941820,30,"2827, 13801, 49, 171.84"
3,0,"NVIDIA GeForce RTX 5070 Ti",120,70,pts-1280k,points,1280000,0.010000,16384,1160,0.035400,8,65536,A5-triton,update,1.040108,1.044132,1.044216,1.036520,1.040445,30,"2827, 13801, 49, 171.84"
3,0,"NVIDIA GeForce RTX 5070 Ti",120,70,r-0.25,extent,320000,0.010000,16384,280,0.008545,8,65536,A3-cuda,allocate,0.023456,0.024724,0.024736,0.023084,0.023512,30,"2827, 13801, 48, 162.50"
3,0,"NVIDIA GeForce RTX 5070 Ti",120,70,r-0.25,extent,320000,0.010000,16384,280,0.008545,8,65536,A3-cuda,update,0.241572,0.244540,0.244692,0.236968,0.241335,30,"2827, 13801, 48, 162.50"
3,0,"NVIDIA GeForce RTX 5070 Ti",120,70,r-0.25,extent,320000,0.010000,16384,280,0.008545,8,65536,A4-rust,allocate,0.035176,0.036032,0.036304,0.034448,0.035151,30,"2827, 13801, 48, 162.50"
3,0,"NVIDIA GeForce RTX 5070 Ti",120,70,r-0.25,extent,320000,0.010000,16384,280,0.008545,8,65536,A4-rust,update,0.269680,0.273964,0.274732,0.265768,0.269456,30,"2827, 13801, 48, 162.50"
3,0,"NVIDIA GeForce RTX 5070 Ti",120,70,r-0.25,extent,320000,0.010000,16384,280,0.008545,8,65536,A5-triton,allocate,0.501184,0.503216,0.503508,0.498084,0.501022,30,"2827, 13801, 48, 162.50"
3,0,"NVIDIA GeForce RTX 5070 Ti",120,70,r-0.25,extent,320000,0.010000,16384,280,0.008545,8,65536,A5-triton,update,0.307112,0.310552,0.312060,0.303092,0.307201,30,"2827, 13801, 48, 162.50"
3,0,"NVIDIA GeForce RTX 5070 Ti",120,70,r-1.0,extent,320000,0.010000,65536,4752,0.036255,8,65536,A3-cuda,allocate,0.032396,0.032624,0.032692,0.031936,0.032382,30,"2827, 13801, 48, 174.03"
3,0,"NVIDIA GeForce RTX 5070 Ti",120,70,r-1.0,extent,320000,0.010000,65536,4752,0.036255,8,65536,A3-cuda,update,0.277408,0.279844,0.279864,0.275388,0.277775,30,"2827, 13801, 48, 174.03"
3,0,"NVIDIA GeForce RTX 5070 Ti",120,70,r-1.0,extent,320000,0.010000,65536,4752,0.036255,8,65536,A4-rust,allocate,0.041444,0.042364,0.042432,0.040888,0.041549,30,"2827, 13801, 48, 174.03"
3,0,"NVIDIA GeForce RTX 5070 Ti",120,70,r-1.0,extent,320000,0.010000,65536,4752,0.036255,8,65536,A4-rust,update,0.290608,0.292976,0.294132,0.288260,0.290648,30,"2827, 13801, 48, 174.03"
3,0,"NVIDIA GeForce RTX 5070 Ti",120,70,r-1.0,extent,320000,0.010000,65536,4752,0.036255,8,65536,A5-triton,allocate,0.502708,0.506304,0.507760,0.499900,0.502946,30,"2827, 13801, 48, 174.03"
3,0,"NVIDIA GeForce RTX 5070 Ti",120,70,r-1.0,extent,320000,0.010000,65536,4752,0.036255,8,65536,A5-triton,update,0.347252,0.350828,0.351176,0.344564,0.347567,30,"2827, 13801, 48, 174.03"
3,0,"NVIDIA GeForce RTX 5070 Ti",120,70,r-2.0,extent,320000,0.010000,131072,18160,0.069275,8,65536,A3-cuda,allocate,0.044680,0.045368,0.045412,0.044320,0.044691,30,"2827, 13801, 48, 170.86"
3,0,"NVIDIA GeForce RTX 5070 Ti",120,70,r-2.0,extent,320000,0.010000,131072,18160,0.069275,8,65536,A3-cuda,update,0.620804,0.622336,0.622364,0.616336,0.620049,30,"2827, 13801, 48, 170.86"
3,0,"NVIDIA GeForce RTX 5070 Ti",120,70,r-2.0,extent,320000,0.010000,131072,18160,0.069275,8,65536,A4-rust,allocate,0.051888,0.052400,0.052532,0.050876,0.051798,30,"2827, 13801, 48, 170.86"
3,0,"NVIDIA GeForce RTX 5070 Ti",120,70,r-2.0,extent,320000,0.010000,131072,18160,0.069275,8,65536,A4-rust,update,0.596060,0.597844,0.598388,0.593708,0.595861,30,"2827, 13801, 48, 170.86"
3,0,"NVIDIA GeForce RTX 5070 Ti",120,70,r-2.0,extent,320000,0.010000,131072,18160,0.069275,8,65536,A5-triton,allocate,0.507060,0.509640,0.510736,0.503964,0.507072,30,"2827, 13801, 48, 170.86"
3,0,"NVIDIA GeForce RTX 5070 Ti",120,70,r-2.0,extent,320000,0.010000,131072,18160,0.069275,8,65536,A5-triton,update,0.774388,0.777060,0.777076,0.771420,0.774376,30,"2827, 13801, 48, 170.86"
3,0,"NVIDIA GeForce RTX 5070 Ti",120,70,lf-sparse,loadfactor,320000,0.010000,18560,1160,0.017700,8,65536,A3-cuda,allocate,0.028512,0.029412,0.029548,0.027472,0.028575,30,"2827, 13801, 50, 163.38"
3,0,"NVIDIA GeForce RTX 5070 Ti",120,70,lf-sparse,loadfactor,320000,0.010000,18560,1160,0.017700,8,65536,A3-cuda,update,0.253756,0.256700,0.258292,0.252188,0.253965,30,"2827, 13801, 50, 163.38"
3,0,"NVIDIA GeForce RTX 5070 Ti",120,70,lf-sparse,loadfactor,320000,0.010000,18560,1160,0.017700,8,65536,A4-rust,allocate,0.042436,0.043676,0.043780,0.040988,0.042505,30,"2827, 13801, 50, 163.38"
3,0,"NVIDIA GeForce RTX 5070 Ti",120,70,lf-sparse,loadfactor,320000,0.010000,18560,1160,0.017700,8,65536,A4-rust,update,0.273672,0.276508,0.277520,0.269584,0.273735,30,"2827, 13801, 50, 163.38"
3,0,"NVIDIA GeForce RTX 5070 Ti",120,70,lf-sparse,loadfactor,320000,0.010000,18560,1160,0.017700,8,65536,A5-triton,allocate,0.504944,0.507120,0.507320,0.501052,0.504525,30,"2827, 13801, 50, 163.38"
3,0,"NVIDIA GeForce RTX 5070 Ti",120,70,lf-sparse,loadfactor,320000,0.010000,18560,1160,0.017700,8,65536,A5-triton,update,0.331224,0.333872,0.334208,0.327604,0.331067,30,"2827, 13801, 50, 163.38"
3,0,"NVIDIA GeForce RTX 5070 Ti",120,70,plane-320k,shape,320356,0.010000,16384,1060,0.032349,8,65536,A3-cuda,allocate,0.029304,0.029552,0.029592,0.028384,0.029168,30,"2827, 13801, 50, 159.64"
3,0,"NVIDIA GeForce RTX 5070 Ti",120,70,plane-320k,shape,320356,0.010000,16384,1060,0.032349,8,65536,A3-cuda,update,0.333732,0.336564,0.338216,0.330532,0.333559,30,"2827, 13801, 50, 159.64"
3,0,"NVIDIA GeForce RTX 5070 Ti",120,70,plane-320k,shape,320356,0.010000,16384,1060,0.032349,8,65536,A4-rust,allocate,0.035380,0.035784,0.035872,0.034736,0.035373,30,"2827, 13801, 50, 159.64"
3,0,"NVIDIA GeForce RTX 5070 Ti",120,70,plane-320k,shape,320356,0.010000,16384,1060,0.032349,8,65536,A4-rust,update,0.343344,0.346884,0.347560,0.339464,0.343583,30,"2827, 13801, 50, 159.64"
3,0,"NVIDIA GeForce RTX 5070 Ti",120,70,plane-320k,shape,320356,0.010000,16384,1060,0.032349,8,65536,A5-triton,allocate,0.500876,0.503632,0.504520,0.497416,0.500942,30,"2827, 13801, 50, 159.64"
3,0,"NVIDIA GeForce RTX 5070 Ti",120,70,plane-320k,shape,320356,0.010000,16384,1060,0.032349,8,65536,A5-triton,update,0.374508,0.377608,0.378736,0.371088,0.374445,30,"2827, 13801, 50, 159.64"
3,0,"NVIDIA GeForce RTX 5070 Ti",120,70,tartan-cold,real,407444,0.010000,65536,10245,0.078163,8,65536,A3-cuda,allocate,0.037296,0.037784,0.038044,0.037032,0.037326,30,"2827, 13801, 50, 177.32"
3,0,"NVIDIA GeForce RTX 5070 Ti",120,70,tartan-cold,real,407444,0.010000,65536,10245,0.078163,8,65536,A3-cuda,update,0.435336,0.436984,0.437116,0.432392,0.435253,30,"2827, 13801, 50, 177.32"
3,0,"NVIDIA GeForce RTX 5070 Ti",120,70,tartan-cold,real,407444,0.010000,65536,10245,0.078163,8,65536,A4-rust,allocate,0.045764,0.045972,0.046384,0.045576,0.045796,30,"2827, 13801, 50, 177.32"
3,0,"NVIDIA GeForce RTX 5070 Ti",120,70,tartan-cold,real,407444,0.010000,65536,10245,0.078163,8,65536,A4-rust,update,0.440280,0.442344,0.442596,0.437944,0.440244,30,"2827, 13801, 50, 177.32"
3,0,"NVIDIA GeForce RTX 5070 Ti",120,70,tartan-cold,real,407444,0.010000,65536,10245,0.078163,8,65536,A5-triton,allocate,0.662068,0.665560,0.667408,0.659472,0.662410,30,"2827, 13801, 50, 177.32"
3,0,"NVIDIA GeForce RTX 5070 Ti",120,70,tartan-cold,real,407444,0.010000,65536,10245,0.078163,8,65536,A5-triton,update,0.550904,0.552804,0.553316,0.548480,0.551019,30,"2827, 13801, 50, 177.32"
3,0,"NVIDIA GeForce RTX 5070 Ti",120,70,tartan-warm,real,407444,0.010000,65536,14332,0.109344,8,65536,A3-cuda,allocate,0.023236,0.023316,0.023712,0.023136,0.023246,30,"2827, 13801, 52, 195.71"
3,0,"NVIDIA GeForce RTX 5070 Ti",120,70,tartan-warm,real,407444,0.010000,65536,14332,0.109344,8,65536,A3-cuda,update,0.364700,0.366244,0.367488,0.363544,0.365074,30,"2827, 13801, 52, 195.71"
3,0,"NVIDIA GeForce RTX 5070 Ti",120,70,tartan-warm,real,407444,0.010000,65536,14332,0.109344,8,65536,A4-rust,allocate,0.028692,0.028916,0.028964,0.027864,0.028597,30,"2827, 13801, 52, 195.71"
3,0,"NVIDIA GeForce RTX 5070 Ti",120,70,tartan-warm,real,407444,0.010000,65536,14332,0.109344,8,65536,A4-rust,update,0.367096,0.368612,0.368864,0.364492,0.366898,30,"2827, 13801, 52, 195.71"
3,0,"NVIDIA GeForce RTX 5070 Ti",120,70,tartan-warm,real,407444,0.010000,65536,14332,0.109344,8,65536,A5-triton,allocate,0.661012,0.664392,0.666648,0.658388,0.661299,30,"2827, 13801, 52, 195.71"
3,0,"NVIDIA GeForce RTX 5070 Ti",120,70,tartan-warm,real,407444,0.010000,65536,14332,0.109344,8,65536,A5-triton,update,0.470456,0.473804,0.473812,0.468336,0.470786,30,"2827, 13801, 52, 195.71"
3,0,"NVIDIA GeForce RTX 5070 Ti",120,70,tartan-p001,real,374692,0.010000,65536,5582,0.042587,8,65536,A3-cuda,allocate,0.020140,0.020216,0.020272,0.019440,0.020059,30,"2820, 13801, 54, 199.49"
3,0,"NVIDIA GeForce RTX 5070 Ti",120,70,tartan-p001,real,374692,0.010000,65536,5582,0.042587,8,65536,A3-cuda,update,0.192852,0.193956,0.194028,0.192192,0.193038,30,"2820, 13801, 54, 199.49"
3,0,"NVIDIA GeForce RTX 5070 Ti",120,70,tartan-p001,real,374692,0.010000,65536,5582,0.042587,8,65536,A4-rust,allocate,0.026816,0.027008,0.027156,0.026540,0.026814,30,"2820, 13801, 54, 199.49"
3,0,"NVIDIA GeForce RTX 5070 Ti",120,70,tartan-p001,real,374692,0.010000,65536,5582,0.042587,8,65536,A4-rust,update,0.201000,0.202752,0.202756,0.199184,0.200942,30,"2820, 13801, 54, 199.49"
3,0,"NVIDIA GeForce RTX 5070 Ti",120,70,tartan-p001,real,374692,0.010000,65536,5582,0.042587,8,65536,A5-triton,allocate,0.636604,0.640240,0.640592,0.632884,0.636585,30,"2820, 13801, 54, 199.49"
3,0,"NVIDIA GeForce RTX 5070 Ti",120,70,tartan-p001,real,374692,0.010000,65536,5582,0.042587,8,65536,A5-triton,update,0.290044,0.291564,0.291692,0.289264,0.290219,30,"2820, 13801, 54, 199.49"
3,0,"NVIDIA GeForce RTX 5070 Ti",120,70,tartan-p003,real,405269,0.010000,65536,14945,0.114021,8,65536,A3-cuda,allocate,0.023232,0.023352,0.024312,0.022636,0.023229,30,"2820, 13801, 55, 198.50"
3,0,"NVIDIA GeForce RTX 5070 Ti",120,70,tartan-p003,real,405269,0.010000,65536,14945,0.114021,8,65536,A3-cuda,update,0.422820,0.424244,0.424456,0.421176,0.422803,30,"2820, 13801, 55, 198.50"
3,0,"NVIDIA GeForce RTX 5070 Ti",120,70,tartan-p003,real,405269,0.010000,65536,14945,0.114021,8,65536,A4-rust,allocate,0.028884,0.029212,0.029360,0.028776,0.028945,30,"2820, 13801, 55, 198.50"
3,0,"NVIDIA GeForce RTX 5070 Ti",120,70,tartan-p003,real,405269,0.010000,65536,14945,0.114021,8,65536,A4-rust,update,0.429116,0.429840,0.429864,0.427256,0.428917,30,"2820, 13801, 55, 198.50"
3,0,"NVIDIA GeForce RTX 5070 Ti",120,70,tartan-p003,real,405269,0.010000,65536,14945,0.114021,8,65536,A5-triton,allocate,0.660348,0.663376,0.663644,0.654928,0.660108,30,"2820, 13801, 55, 198.50"
3,0,"NVIDIA GeForce RTX 5070 Ti",120,70,tartan-p003,real,405269,0.010000,65536,14945,0.114021,8,65536,A5-triton,update,0.545644,0.547036,0.547884,0.543484,0.545584,30,"2820, 13801, 55, 198.50"
3,0,"NVIDIA GeForce RTX 5070 Ti",120,70,tartan-p004,real,400248,0.010000,65536,8663,0.066093,8,65536,A3-cuda,allocate,0.022168,0.022736,0.023160,0.021928,0.022202,30,"2820, 13801, 56, 200.93"
3,0,"NVIDIA GeForce RTX 5070 Ti",120,70,tartan-p004,real,400248,0.010000,65536,8663,0.066093,8,65536,A3-cuda,update,0.339868,0.341372,0.341684,0.338160,0.339699,30,"2820, 13801, 56, 200.93"
3,0,"NVIDIA GeForce RTX 5070 Ti",120,70,tartan-p004,real,400248,0.010000,65536,8663,0.066093,8,65536,A4-rust,allocate,0.028872,0.029188,0.029212,0.028712,0.028902,30,"2820, 13801, 56, 200.93"
3,0,"NVIDIA GeForce RTX 5070 Ti",120,70,tartan-p004,real,400248,0.010000,65536,8663,0.066093,8,65536,A4-rust,update,0.345036,0.346864,0.347380,0.342988,0.345086,30,"2820, 13801, 56, 200.93"
3,0,"NVIDIA GeForce RTX 5070 Ti",120,70,tartan-p004,real,400248,0.010000,65536,8663,0.066093,8,65536,A5-triton,allocate,0.654840,0.657748,0.658940,0.652332,0.654874,30,"2820, 13801, 56, 200.93"
3,0,"NVIDIA GeForce RTX 5070 Ti",120,70,tartan-p004,real,400248,0.010000,65536,8663,0.066093,8,65536,A5-triton,update,0.430592,0.432740,0.432848,0.428668,0.430701,30,"2820, 13801, 56, 200.93"
3,0,"NVIDIA GeForce RTX 5070 Ti",120,70,tartan-p005,real,401678,0.010000,65536,14219,0.108482,8,65536,A3-cuda,allocate,0.026584,0.026812,0.027328,0.026428,0.026628,30,"2820, 13801, 57, 195.15"
3,0,"NVIDIA GeForce RTX 5070 Ti",120,70,tartan-p005,real,401678,0.010000,65536,14219,0.108482,8,65536,A3-cuda,update,0.470396,0.473468,0.473480,0.467208,0.470637,30,"2820, 13801, 57, 195.15"
3,0,"NVIDIA GeForce RTX 5070 Ti",120,70,tartan-p005,real,401678,0.010000,65536,14219,0.108482,8,65536,A4-rust,allocate,0.034648,0.035008,0.035008,0.033936,0.034596,30,"2820, 13801, 57, 195.15"
3,0,"NVIDIA GeForce RTX 5070 Ti",120,70,tartan-p005,real,401678,0.010000,65536,14219,0.108482,8,65536,A4-rust,update,0.472052,0.474084,0.474840,0.467908,0.471647,30,"2820, 13801, 57, 195.15"
3,0,"NVIDIA GeForce RTX 5070 Ti",120,70,tartan-p005,real,401678,0.010000,65536,14219,0.108482,8,65536,A5-triton,allocate,0.658684,0.661100,0.661568,0.656768,0.658645,30,"2820, 13801, 57, 195.15"
3,0,"NVIDIA GeForce RTX 5070 Ti",120,70,tartan-p005,real,401678,0.010000,65536,14219,0.108482,8,65536,A5-triton,update,0.653664,0.658804,0.659312,0.646684,0.653276,30,"2820, 13801, 57, 195.15"
3,0,"NVIDIA GeForce RTX 5070 Ti",120,70,diner-p000,real,393624,0.010000,65536,12266,0.093582,8,65536,A3-cuda,allocate,0.024704,0.024796,0.025008,0.024600,0.024722,30,"2820, 13801, 58, 199.17"
3,0,"NVIDIA GeForce RTX 5070 Ti",120,70,diner-p000,real,393624,0.010000,65536,12266,0.093582,8,65536,A3-cuda,update,0.375172,0.376828,0.377020,0.374008,0.375279,30,"2820, 13801, 58, 199.17"
3,0,"NVIDIA GeForce RTX 5070 Ti",120,70,diner-p000,real,393624,0.010000,65536,12266,0.093582,8,65536,A4-rust,allocate,0.032900,0.033128,0.033280,0.032448,0.032876,30,"2820, 13801, 58, 199.17"
3,0,"NVIDIA GeForce RTX 5070 Ti",120,70,diner-p000,real,393624,0.010000,65536,12266,0.093582,8,65536,A4-rust,update,0.384220,0.386772,0.387312,0.381892,0.384409,30,"2820, 13801, 58, 199.17"
3,0,"NVIDIA GeForce RTX 5070 Ti",120,70,diner-p000,real,393624,0.010000,65536,12266,0.093582,8,65536,A5-triton,allocate,0.652368,0.655160,0.658252,0.648556,0.652433,30,"2820, 13801, 58, 199.17"
3,0,"NVIDIA GeForce RTX 5070 Ti",120,70,diner-p000,real,393624,0.010000,65536,12266,0.093582,8,65536,A5-triton,update,0.490468,0.492148,0.492268,0.488548,0.490516,30,"2820, 13801, 58, 199.17"
3,0,"NVIDIA GeForce RTX 5070 Ti",120,70,diner-p002,real,409600,0.010000,65536,2769,0.021126,8,65536,A3-cuda,allocate,0.021664,0.021776,0.021876,0.021552,0.021667,30,"2820, 13801, 60, 210.09"
3,0,"NVIDIA GeForce RTX 5070 Ti",120,70,diner-p002,real,409600,0.010000,65536,2769,0.021126,8,65536,A3-cuda,update,0.117032,0.117320,0.118588,0.115636,0.116800,30,"2820, 13801, 60, 210.09"
3,0,"NVIDIA GeForce RTX 5070 Ti",120,70,diner-p002,real,409600,0.010000,65536,2769,0.021126,8,65536,A4-rust,allocate,0.030632,0.030948,0.031004,0.029804,0.030542,30,"2820, 13801, 60, 210.09"
3,0,"NVIDIA GeForce RTX 5070 Ti",120,70,diner-p002,real,409600,0.010000,65536,2769,0.021126,8,65536,A4-rust,update,0.127368,0.128548,0.129320,0.125944,0.127328,30,"2820, 13801, 60, 210.09"
3,0,"NVIDIA GeForce RTX 5070 Ti",120,70,diner-p002,real,409600,0.010000,65536,2769,0.021126,8,65536,A5-triton,allocate,0.659784,0.663160,0.663316,0.655688,0.660092,30,"2820, 13801, 60, 210.09"
3,0,"NVIDIA GeForce RTX 5070 Ti",120,70,diner-p002,real,409600,0.010000,65536,2769,0.021126,8,65536,A5-triton,update,0.217160,0.218228,0.218344,0.215760,0.217132,30,"2820, 13801, 60, 210.09"
3,0,"NVIDIA GeForce RTX 5070 Ti",120,70,diner-p003,real,409600,0.010000,65536,15285,0.116615,8,65536,A3-cuda,allocate,0.023196,0.023812,0.023892,0.022856,0.023261,30,"2820, 13801, 58, 199.65"
3,0,"NVIDIA GeForce RTX 5070 Ti",120,70,diner-p003,real,409600,0.010000,65536,15285,0.116615,8,65536,A3-cuda,update,0.444292,0.444832,0.445848,0.441696,0.443949,30,"2820, 13801, 58, 199.65"
3,0,"NVIDIA GeForce RTX 5070 Ti",120,70,diner-p003,real,409600,0.010000,65536,15285,0.116615,8,65536,A4-rust,allocate,0.030900,0.031044,0.031116,0.029808,0.030806,30,"2820, 13801, 58, 199.65"
3,0,"NVIDIA GeForce RTX 5070 Ti",120,70,diner-p003,real,409600,0.010000,65536,15285,0.116615,8,65536,A4-rust,update,0.439040,0.441872,0.442080,0.436728,0.439133,30,"2820, 13801, 58, 199.65"
3,0,"NVIDIA GeForce RTX 5070 Ti",120,70,diner-p003,real,409600,0.010000,65536,15285,0.116615,8,65536,A5-triton,allocate,0.664016,0.666576,0.668208,0.659832,0.664003,30,"2820, 13801, 58, 199.65"
3,0,"NVIDIA GeForce RTX 5070 Ti",120,70,diner-p003,real,409600,0.010000,65536,15285,0.116615,8,65536,A5-triton,update,0.621312,0.623724,0.623940,0.618336,0.621245,30,"2820, 13801, 58, 199.65"
3,1,"NVIDIA GeForce RTX 5060",120,30,base,baseline,320000,0.010000,16384,1160,0.035400,8,65536,A3-cuda,allocate,0.053876,0.054752,0.054980,0.053544,0.053973,30,"2790, 13801, 50, 77.84"
3,1,"NVIDIA GeForce RTX 5060",120,30,base,baseline,320000,0.010000,16384,1160,0.035400,8,65536,A3-cuda,update,0.457864,0.460136,0.460652,0.453988,0.457680,30,"2790, 13801, 50, 77.84"
3,1,"NVIDIA GeForce RTX 5060",120,30,base,baseline,320000,0.010000,16384,1160,0.035400,8,65536,A4-rust,allocate,0.063228,0.063712,0.063920,0.062280,0.063210,30,"2790, 13801, 50, 77.84"
3,1,"NVIDIA GeForce RTX 5060",120,30,base,baseline,320000,0.010000,16384,1160,0.035400,8,65536,A4-rust,update,0.475780,0.481944,0.484160,0.472720,0.476277,30,"2790, 13801, 50, 77.84"
3,1,"NVIDIA GeForce RTX 5060",120,30,base,baseline,320000,0.010000,16384,1160,0.035400,8,65536,A5-triton,allocate,0.966048,0.967920,0.968124,0.963564,0.965877,30,"2790, 13801, 50, 77.84"
3,1,"NVIDIA GeForce RTX 5060",120,30,base,baseline,320000,0.010000,16384,1160,0.035400,8,65536,A5-triton,update,0.560192,0.561472,0.562480,0.557360,0.559902,30,"2790, 13801, 50, 77.84"
3,1,"NVIDIA GeForce RTX 5060",120,30,pts-20k,points,20000,0.010000,16384,1104,0.033691,8,65536,A3-cuda,allocate,0.008308,0.008940,0.009496,0.008092,0.008379,30,"2790, 13801, 47, 62.76"
3,1,"NVIDIA GeForce RTX 5060",120,30,pts-20k,points,20000,0.010000,16384,1104,0.033691,8,65536,A3-cuda,update,0.063812,0.064400,0.065084,0.062912,0.063828,30,"2790, 13801, 47, 62.76"
3,1,"NVIDIA GeForce RTX 5060",120,30,pts-20k,points,20000,0.010000,16384,1104,0.033691,8,65536,A4-rust,allocate,0.018680,0.018972,0.019128,0.018384,0.018673,30,"2790, 13801, 47, 62.76"
3,1,"NVIDIA GeForce RTX 5060",120,30,pts-20k,points,20000,0.010000,16384,1104,0.033691,8,65536,A4-rust,update,0.064300,0.064924,0.065148,0.063280,0.064220,30,"2790, 13801, 47, 62.76"
3,1,"NVIDIA GeForce RTX 5060",120,30,pts-20k,points,20000,0.010000,16384,1104,0.033691,8,65536,A5-triton,allocate,0.095056,0.095416,0.095508,0.094532,0.095015,30,"2790, 13801, 47, 62.76"
3,1,"NVIDIA GeForce RTX 5060",120,30,pts-20k,points,20000,0.010000,16384,1104,0.033691,8,65536,A5-triton,update,0.100012,0.100528,0.100540,0.099272,0.099948,30,"2790, 13801, 47, 62.76"
3,1,"NVIDIA GeForce RTX 5060",120,30,pts-80k,points,80000,0.010000,16384,1160,0.035400,8,65536,A3-cuda,allocate,0.019052,0.019876,0.019880,0.018456,0.019092,30,"2790, 13801, 47, 64.58"
3,1,"NVIDIA GeForce RTX 5060",120,30,pts-80k,points,80000,0.010000,16384,1160,0.035400,8,65536,A3-cuda,update,0.131440,0.132344,0.132748,0.129892,0.131326,30,"2790, 13801, 47, 64.58"
3,1,"NVIDIA GeForce RTX 5060",120,30,pts-80k,points,80000,0.010000,16384,1160,0.035400,8,65536,A4-rust,allocate,0.025128,0.025536,0.025576,0.024804,0.025154,30,"2790, 13801, 47, 64.58"
3,1,"NVIDIA GeForce RTX 5060",120,30,pts-80k,points,80000,0.010000,16384,1160,0.035400,8,65536,A4-rust,update,0.141596,0.143148,0.143384,0.139784,0.141584,30,"2790, 13801, 47, 64.58"
3,1,"NVIDIA GeForce RTX 5060",120,30,pts-80k,points,80000,0.010000,16384,1160,0.035400,8,65536,A5-triton,allocate,0.308128,0.315692,0.315840,0.301732,0.308335,30,"2790, 13801, 47, 64.58"
3,1,"NVIDIA GeForce RTX 5060",120,30,pts-80k,points,80000,0.010000,16384,1160,0.035400,8,65536,A5-triton,update,0.190676,0.192268,0.192444,0.189388,0.190744,30,"2790, 13801, 47, 64.58"
3,1,"NVIDIA GeForce RTX 5060",120,30,pts-720k,points,720000,0.010000,16384,1160,0.035400,8,65536,A3-cuda,allocate,0.102148,0.103016,0.103476,0.101176,0.102180,30,"2790, 13801, 52, 83.52"
3,1,"NVIDIA GeForce RTX 5060",120,30,pts-720k,points,720000,0.010000,16384,1160,0.035400,8,65536,A3-cuda,update,0.966652,0.970120,0.971880,0.958324,0.965676,30,"2790, 13801, 52, 83.52"
3,1,"NVIDIA GeForce RTX 5060",120,30,pts-720k,points,720000,0.010000,16384,1160,0.035400,8,65536,A4-rust,allocate,0.115968,0.116760,0.117212,0.114624,0.115912,30,"2790, 13801, 52, 83.52"
3,1,"NVIDIA GeForce RTX 5060",120,30,pts-720k,points,720000,0.010000,16384,1160,0.035400,8,65536,A4-rust,update,0.983172,0.989876,0.994744,0.973744,0.983327,30,"2790, 13801, 52, 83.52"
3,1,"NVIDIA GeForce RTX 5060",120,30,pts-720k,points,720000,0.010000,16384,1160,0.035400,8,65536,A5-triton,allocate,2.154196,2.155948,2.156416,2.150924,2.153920,30,"2790, 13801, 52, 83.52"
3,1,"NVIDIA GeForce RTX 5060",120,30,pts-720k,points,720000,0.010000,16384,1160,0.035400,8,65536,A5-triton,update,1.145604,1.147964,1.148980,1.141836,1.145353,30,"2790, 13801, 52, 83.52"
3,1,"NVIDIA GeForce RTX 5060",120,30,pts-1280k,points,1280000,0.010000,16384,1160,0.035400,8,65536,A3-cuda,allocate,0.167984,0.169252,0.169416,0.167488,0.168075,30,"2782, 13801, 52, 87.94"
3,1,"NVIDIA GeForce RTX 5060",120,30,pts-1280k,points,1280000,0.010000,16384,1160,0.035400,8,65536,A3-cuda,update,1.545456,1.552060,1.553392,1.536452,1.544791,30,"2782, 13801, 52, 87.94"
3,1,"NVIDIA GeForce RTX 5060",120,30,pts-1280k,points,1280000,0.010000,16384,1160,0.035400,8,65536,A4-rust,allocate,0.186636,0.188016,0.188064,0.184348,0.186622,30,"2782, 13801, 52, 87.94"
3,1,"NVIDIA GeForce RTX 5060",120,30,pts-1280k,points,1280000,0.010000,16384,1160,0.035400,8,65536,A4-rust,update,1.552004,1.555844,1.555860,1.540268,1.550361,30,"2782, 13801, 52, 87.94"
3,1,"NVIDIA GeForce RTX 5060",120,30,pts-1280k,points,1280000,0.010000,16384,1160,0.035400,8,65536,A5-triton,allocate,3.855044,3.858220,3.860356,3.851056,3.854607,30,"2782, 13801, 52, 87.94"
3,1,"NVIDIA GeForce RTX 5060",120,30,pts-1280k,points,1280000,0.010000,16384,1160,0.035400,8,65536,A5-triton,update,1.857332,1.862060,1.862192,1.852084,1.857352,30,"2782, 13801, 52, 87.94"
3,1,"NVIDIA GeForce RTX 5060",120,30,r-0.25,extent,320000,0.010000,16384,280,0.008545,8,65536,A3-cuda,allocate,0.044692,0.045116,0.045316,0.043520,0.044410,30,"2790, 13801, 52, 76.86"
3,1,"NVIDIA GeForce RTX 5060",120,30,r-0.25,extent,320000,0.010000,16384,280,0.008545,8,65536,A3-cuda,update,0.413808,0.418520,0.422800,0.409072,0.413790,30,"2790, 13801, 52, 76.86"
3,1,"NVIDIA GeForce RTX 5060",120,30,r-0.25,extent,320000,0.010000,16384,280,0.008545,8,65536,A4-rust,allocate,0.057620,0.058660,0.058756,0.056100,0.057575,30,"2790, 13801, 52, 76.86"
3,1,"NVIDIA GeForce RTX 5060",120,30,r-0.25,extent,320000,0.010000,16384,280,0.008545,8,65536,A4-rust,update,0.440216,0.447128,0.450456,0.434048,0.440504,30,"2790, 13801, 52, 76.86"
3,1,"NVIDIA GeForce RTX 5060",120,30,r-0.25,extent,320000,0.010000,16384,280,0.008545,8,65536,A5-triton,allocate,0.969052,0.970368,0.972340,0.967084,0.969049,30,"2790, 13801, 52, 76.86"
3,1,"NVIDIA GeForce RTX 5060",120,30,r-0.25,extent,320000,0.010000,16384,280,0.008545,8,65536,A5-triton,update,0.508772,0.511596,0.512612,0.505764,0.508910,30,"2790, 13801, 52, 76.86"
3,1,"NVIDIA GeForce RTX 5060",120,30,r-1.0,extent,320000,0.010000,65536,4752,0.036255,8,65536,A3-cuda,allocate,0.061752,0.062068,0.062100,0.060968,0.061674,30,"2790, 13801, 51, 72.62"
3,1,"NVIDIA GeForce RTX 5060",120,30,r-1.0,extent,320000,0.010000,65536,4752,0.036255,8,65536,A3-cuda,update,0.524204,0.524912,0.527328,0.521484,0.523853,30,"2790, 13801, 51, 72.62"
3,1,"NVIDIA GeForce RTX 5060",120,30,r-1.0,extent,320000,0.010000,65536,4752,0.036255,8,65536,A4-rust,allocate,0.069328,0.069700,0.069936,0.068684,0.069293,30,"2790, 13801, 51, 72.62"
3,1,"NVIDIA GeForce RTX 5060",120,30,r-1.0,extent,320000,0.010000,65536,4752,0.036255,8,65536,A4-rust,update,0.533268,0.535588,0.537876,0.529900,0.533422,30,"2790, 13801, 51, 72.62"
3,1,"NVIDIA GeForce RTX 5060",120,30,r-1.0,extent,320000,0.010000,65536,4752,0.036255,8,65536,A5-triton,allocate,0.969896,0.971912,0.972220,0.967244,0.969685,30,"2790, 13801, 51, 72.62"
3,1,"NVIDIA GeForce RTX 5060",120,30,r-1.0,extent,320000,0.010000,65536,4752,0.036255,8,65536,A5-triton,update,0.653344,0.654892,0.656412,0.651320,0.653189,30,"2790, 13801, 51, 72.62"
3,1,"NVIDIA GeForce RTX 5060",120,30,r-2.0,extent,320000,0.010000,131072,18160,0.069275,4,65536,A3-cuda,allocate,0.087912,0.088864,0.089016,0.086680,0.087985,30,"2790, 13801, 51, 70.10"
3,1,"NVIDIA GeForce RTX 5060",120,30,r-2.0,extent,320000,0.010000,131072,18160,0.069275,4,65536,A3-cuda,update,1.178888,1.182112,1.184968,1.174192,1.179380,30,"2790, 13801, 51, 70.10"
3,1,"NVIDIA GeForce RTX 5060",120,30,r-2.0,extent,320000,0.010000,131072,18160,0.069275,4,65536,A4-rust,allocate,0.089536,0.090080,0.090144,0.088848,0.089471,30,"2790, 13801, 51, 70.10"
3,1,"NVIDIA GeForce RTX 5060",120,30,r-2.0,extent,320000,0.010000,131072,18160,0.069275,4,65536,A4-rust,update,1.156704,1.160224,1.160800,1.149016,1.156530,30,"2790, 13801, 51, 70.10"
3,1,"NVIDIA GeForce RTX 5060",120,30,r-2.0,extent,320000,0.010000,131072,18160,0.069275,4,65536,A5-triton,allocate,0.983928,0.987440,0.988296,0.981320,0.983968,30,"2790, 13801, 51, 70.10"
3,1,"NVIDIA GeForce RTX 5060",120,30,r-2.0,extent,320000,0.010000,131072,18160,0.069275,4,65536,A5-triton,update,1.699192,1.705280,1.705312,1.694560,1.699318,30,"2790, 13801, 51, 70.10"
3,1,"NVIDIA GeForce RTX 5060",120,30,lf-sparse,loadfactor,320000,0.010000,18560,1160,0.017700,8,65536,A3-cuda,allocate,0.050612,0.051064,0.051396,0.049632,0.050535,30,"2782, 13801, 52, 71.71"
3,1,"NVIDIA GeForce RTX 5060",120,30,lf-sparse,loadfactor,320000,0.010000,18560,1160,0.017700,8,65536,A3-cuda,update,0.459856,0.462628,0.462812,0.455272,0.459830,30,"2782, 13801, 52, 71.71"
3,1,"NVIDIA GeForce RTX 5060",120,30,lf-sparse,loadfactor,320000,0.010000,18560,1160,0.017700,8,65536,A4-rust,allocate,0.059152,0.059884,0.060112,0.058620,0.059231,30,"2782, 13801, 52, 71.71"
3,1,"NVIDIA GeForce RTX 5060",120,30,lf-sparse,loadfactor,320000,0.010000,18560,1160,0.017700,8,65536,A4-rust,update,0.478120,0.481204,0.482176,0.472756,0.477803,30,"2782, 13801, 52, 71.71"
3,1,"NVIDIA GeForce RTX 5060",120,30,lf-sparse,loadfactor,320000,0.010000,18560,1160,0.017700,8,65536,A5-triton,allocate,0.964748,0.966528,0.966752,0.962820,0.964851,30,"2782, 13801, 52, 71.71"
3,1,"NVIDIA GeForce RTX 5060",120,30,lf-sparse,loadfactor,320000,0.010000,18560,1160,0.017700,8,65536,A5-triton,update,0.563492,0.565552,0.566036,0.561208,0.563605,30,"2782, 13801, 52, 71.71"
3,1,"NVIDIA GeForce RTX 5060",120,30,plane-320k,shape,320356,0.010000,16384,1060,0.032349,8,65536,A3-cuda,allocate,0.053164,0.054152,0.054300,0.052900,0.053230,30,"2782, 13801, 53, 76.91"
3,1,"NVIDIA GeForce RTX 5060",120,30,plane-320k,shape,320356,0.010000,16384,1060,0.032349,8,65536,A3-cuda,update,0.620040,0.623980,0.624076,0.616416,0.620212,30,"2782, 13801, 53, 76.91"
3,1,"NVIDIA GeForce RTX 5060",120,30,plane-320k,shape,320356,0.010000,16384,1060,0.032349,8,65536,A4-rust,allocate,0.058648,0.059856,0.059916,0.058108,0.058721,30,"2782, 13801, 53, 76.91"
3,1,"NVIDIA GeForce RTX 5060",120,30,plane-320k,shape,320356,0.010000,16384,1060,0.032349,8,65536,A4-rust,update,0.627752,0.631520,0.632856,0.622104,0.627663,30,"2782, 13801, 53, 76.91"
3,1,"NVIDIA GeForce RTX 5060",120,30,plane-320k,shape,320356,0.010000,16384,1060,0.032349,8,65536,A5-triton,allocate,0.965844,0.968436,0.968836,0.963716,0.965790,30,"2782, 13801, 53, 76.91"
3,1,"NVIDIA GeForce RTX 5060",120,30,plane-320k,shape,320356,0.010000,16384,1060,0.032349,8,65536,A5-triton,update,0.699716,0.702496,0.704040,0.695872,0.700066,30,"2782, 13801, 53, 76.91"
3,1,"NVIDIA GeForce RTX 5060",120,30,tartan-cold,real,407444,0.010000,65536,10245,0.078163,8,65536,A3-cuda,allocate,0.071052,0.071540,0.071672,0.070780,0.071105,30,"2782, 13801, 53, 76.20"
3,1,"NVIDIA GeForce RTX 5060",120,30,tartan-cold,real,407444,0.010000,65536,10245,0.078163,8,65536,A3-cuda,update,0.833712,0.835824,0.835968,0.831448,0.833682,30,"2782, 13801, 53, 76.20"
3,1,"NVIDIA GeForce RTX 5060",120,30,tartan-cold,real,407444,0.010000,65536,10245,0.078163,8,65536,A4-rust,allocate,0.080836,0.081112,0.081116,0.080088,0.080759,30,"2782, 13801, 53, 76.20"
3,1,"NVIDIA GeForce RTX 5060",120,30,tartan-cold,real,407444,0.010000,65536,10245,0.078163,8,65536,A4-rust,update,0.834964,0.836764,0.838176,0.832896,0.834945,30,"2782, 13801, 53, 76.20"
3,1,"NVIDIA GeForce RTX 5060",120,30,tartan-cold,real,407444,0.010000,65536,10245,0.078163,8,65536,A5-triton,allocate,1.226328,1.228384,1.228484,1.224224,1.226207,30,"2782, 13801, 53, 76.20"
3,1,"NVIDIA GeForce RTX 5060",120,30,tartan-cold,real,407444,0.010000,65536,10245,0.078163,8,65536,A5-triton,update,1.109136,1.111616,1.111872,1.103228,1.108724,30,"2782, 13801, 53, 76.20"
3,1,"NVIDIA GeForce RTX 5060",120,30,tartan-warm,real,407444,0.010000,65536,14332,0.109344,8,65536,A3-cuda,allocate,0.051516,0.051984,0.052096,0.051340,0.051553,30,"2782, 13801, 56, 93.29"
3,1,"NVIDIA GeForce RTX 5060",120,30,tartan-warm,real,407444,0.010000,65536,14332,0.109344,8,65536,A3-cuda,update,0.711772,0.713236,0.714744,0.710076,0.711942,30,"2782, 13801, 56, 93.29"
3,1,"NVIDIA GeForce RTX 5060",120,30,tartan-warm,real,407444,0.010000,65536,14332,0.109344,8,65536,A4-rust,allocate,0.057896,0.058608,0.058676,0.057676,0.058014,30,"2782, 13801, 56, 93.29"
3,1,"NVIDIA GeForce RTX 5060",120,30,tartan-warm,real,407444,0.010000,65536,14332,0.109344,8,65536,A4-rust,update,0.710432,0.713260,0.713448,0.708648,0.710481,30,"2782, 13801, 56, 93.29"
3,1,"NVIDIA GeForce RTX 5060",120,30,tartan-warm,real,407444,0.010000,65536,14332,0.109344,8,65536,A5-triton,allocate,1.223532,1.225024,1.225252,1.221424,1.223434,30,"2782, 13801, 56, 93.29"
3,1,"NVIDIA GeForce RTX 5060",120,30,tartan-warm,real,407444,0.010000,65536,14332,0.109344,8,65536,A5-triton,update,1.006268,1.009304,1.010036,1.000896,1.006245,30,"2782, 13801, 56, 93.29"
3,1,"NVIDIA GeForce RTX 5060",120,30,tartan-p001,real,374692,0.010000,65536,5582,0.042587,8,65536,A3-cuda,allocate,0.043440,0.043620,0.044532,0.043212,0.043459,30,"2782, 13801, 59, 93.87"
3,1,"NVIDIA GeForce RTX 5060",120,30,tartan-p001,real,374692,0.010000,65536,5582,0.042587,8,65536,A3-cuda,update,0.376868,0.378352,0.378600,0.375276,0.377012,30,"2782, 13801, 59, 93.87"
3,1,"NVIDIA GeForce RTX 5060",120,30,tartan-p001,real,374692,0.010000,65536,5582,0.042587,8,65536,A4-rust,allocate,0.051712,0.051944,0.051980,0.051504,0.051720,30,"2782, 13801, 59, 93.87"
3,1,"NVIDIA GeForce RTX 5060",120,30,tartan-p001,real,374692,0.010000,65536,5582,0.042587,8,65536,A4-rust,update,0.383828,0.384668,0.385688,0.382112,0.383752,30,"2782, 13801, 59, 93.87"
3,1,"NVIDIA GeForce RTX 5060",120,30,tartan-p001,real,374692,0.010000,65536,5582,0.042587,8,65536,A5-triton,allocate,1.135440,1.139696,1.140476,1.132296,1.135983,30,"2782, 13801, 59, 93.87"
3,1,"NVIDIA GeForce RTX 5060",120,30,tartan-p001,real,374692,0.010000,65536,5582,0.042587,8,65536,A5-triton,update,0.536648,0.537660,0.538180,0.535352,0.536651,30,"2782, 13801, 59, 93.87"
3,1,"NVIDIA GeForce RTX 5060",120,30,tartan-p003,real,405269,0.010000,65536,14945,0.114021,8,65536,A3-cuda,allocate,0.051076,0.051340,0.051576,0.050408,0.051041,30,"2782, 13801, 59, 97.44"
3,1,"NVIDIA GeForce RTX 5060",120,30,tartan-p003,real,405269,0.010000,65536,14945,0.114021,8,65536,A3-cuda,update,0.805348,0.808292,0.808420,0.802400,0.805336,30,"2782, 13801, 59, 97.44"
3,1,"NVIDIA GeForce RTX 5060",120,30,tartan-p003,real,405269,0.010000,65536,14945,0.114021,8,65536,A4-rust,allocate,0.058028,0.058244,0.058308,0.057724,0.057987,30,"2782, 13801, 59, 97.44"
3,1,"NVIDIA GeForce RTX 5060",120,30,tartan-p003,real,405269,0.010000,65536,14945,0.114021,8,65536,A4-rust,update,0.808356,0.810388,0.811652,0.805236,0.808285,30,"2782, 13801, 59, 97.44"
3,1,"NVIDIA GeForce RTX 5060",120,30,tartan-p003,real,405269,0.010000,65536,14945,0.114021,8,65536,A5-triton,allocate,1.218088,1.219488,1.220336,1.215280,1.217879,30,"2782, 13801, 59, 97.44"
3,1,"NVIDIA GeForce RTX 5060",120,30,tartan-p003,real,405269,0.010000,65536,14945,0.114021,8,65536,A5-triton,update,1.053000,1.055440,1.056804,1.048860,1.052986,30,"2782, 13801, 59, 97.44"
3,1,"NVIDIA GeForce RTX 5060",120,30,tartan-p004,real,400248,0.010000,65536,8663,0.066093,8,65536,A3-cuda,allocate,0.049532,0.049680,0.049696,0.048548,0.049346,30,"2782, 13801, 60, 96.70"
3,1,"NVIDIA GeForce RTX 5060",120,30,tartan-p004,real,400248,0.010000,65536,8663,0.066093,8,65536,A3-cuda,update,0.666212,0.668772,0.668792,0.663880,0.666517,30,"2782, 13801, 60, 96.70"
3,1,"NVIDIA GeForce RTX 5060",120,30,tartan-p004,real,400248,0.010000,65536,8663,0.066093,8,65536,A4-rust,allocate,0.056808,0.057368,0.057816,0.055832,0.056852,30,"2782, 13801, 60, 96.70"
3,1,"NVIDIA GeForce RTX 5060",120,30,tartan-p004,real,400248,0.010000,65536,8663,0.066093,8,65536,A4-rust,update,0.666892,0.668208,0.668832,0.663524,0.666610,30,"2782, 13801, 60, 96.70"
3,1,"NVIDIA GeForce RTX 5060",120,30,tartan-p004,real,400248,0.010000,65536,8663,0.066093,8,65536,A5-triton,allocate,1.204088,1.206820,1.207068,1.201772,1.204053,30,"2782, 13801, 60, 96.70"
3,1,"NVIDIA GeForce RTX 5060",120,30,tartan-p004,real,400248,0.010000,65536,8663,0.066093,8,65536,A5-triton,update,0.801236,0.802936,0.803520,0.799380,0.801265,30,"2782, 13801, 60, 96.70"
3,1,"NVIDIA GeForce RTX 5060",120,30,tartan-p005,real,401678,0.010000,65536,14219,0.108482,8,65536,A3-cuda,allocate,0.057704,0.058552,0.058592,0.057472,0.057798,30,"2782, 13801, 60, 94.74"
3,1,"NVIDIA GeForce RTX 5060",120,30,tartan-p005,real,401678,0.010000,65536,14219,0.108482,8,65536,A3-cuda,update,0.910300,0.913244,0.914408,0.906712,0.910336,30,"2782, 13801, 60, 94.74"
3,1,"NVIDIA GeForce RTX 5060",120,30,tartan-p005,real,401678,0.010000,65536,14219,0.108482,8,65536,A4-rust,allocate,0.067508,0.068024,0.068256,0.066916,0.067525,30,"2782, 13801, 60, 94.74"
3,1,"NVIDIA GeForce RTX 5060",120,30,tartan-p005,real,401678,0.010000,65536,14219,0.108482,8,65536,A4-rust,update,0.906356,0.908420,0.908456,0.902812,0.906186,30,"2782, 13801, 60, 94.74"
3,1,"NVIDIA GeForce RTX 5060",120,30,tartan-p005,real,401678,0.010000,65536,14219,0.108482,8,65536,A5-triton,allocate,1.214504,1.216436,1.217936,1.210748,1.214312,30,"2782, 13801, 60, 94.74"
3,1,"NVIDIA GeForce RTX 5060",120,30,tartan-p005,real,401678,0.010000,65536,14219,0.108482,8,65536,A5-triton,update,1.270588,1.273660,1.273888,1.265000,1.270101,30,"2782, 13801, 60, 94.74"
3,1,"NVIDIA GeForce RTX 5060",120,30,diner-p000,real,393624,0.010000,65536,12266,0.093582,8,65536,A3-cuda,allocate,0.053288,0.054196,0.054264,0.052912,0.053570,30,"2767, 13801, 61, 96.41"
3,1,"NVIDIA GeForce RTX 5060",120,30,diner-p000,real,393624,0.010000,65536,12266,0.093582,8,65536,A3-cuda,update,0.727016,0.729960,0.730196,0.724596,0.727169,30,"2767, 13801, 61, 96.41"
3,1,"NVIDIA GeForce RTX 5060",120,30,diner-p000,real,393624,0.010000,65536,12266,0.093582,8,65536,A4-rust,allocate,0.063944,0.064296,0.064664,0.063472,0.063885,30,"2767, 13801, 61, 96.41"
3,1,"NVIDIA GeForce RTX 5060",120,30,diner-p000,real,393624,0.010000,65536,12266,0.093582,8,65536,A4-rust,update,0.731684,0.733412,0.735004,0.729612,0.731580,30,"2767, 13801, 61, 96.41"
3,1,"NVIDIA GeForce RTX 5060",120,30,diner-p000,real,393624,0.010000,65536,12266,0.093582,8,65536,A5-triton,allocate,1.189216,1.192052,1.192464,1.187624,1.189552,30,"2767, 13801, 61, 96.41"
3,1,"NVIDIA GeForce RTX 5060",120,30,diner-p000,real,393624,0.010000,65536,12266,0.093582,8,65536,A5-triton,update,0.916164,0.919212,0.920480,0.913056,0.916355,30,"2767, 13801, 61, 96.41"
3,1,"NVIDIA GeForce RTX 5060",120,30,diner-p002,real,409600,0.010000,65536,2769,0.021126,8,65536,A3-cuda,allocate,0.048032,0.048228,0.048332,0.047640,0.048032,30,"2767, 13801, 62, 95.17"
3,1,"NVIDIA GeForce RTX 5060",120,30,diner-p002,real,409600,0.010000,65536,2769,0.021126,8,65536,A3-cuda,update,0.230648,0.231504,0.232188,0.229304,0.230385,30,"2767, 13801, 62, 95.17"
3,1,"NVIDIA GeForce RTX 5060",120,30,diner-p002,real,409600,0.010000,65536,2769,0.021126,8,65536,A4-rust,allocate,0.058044,0.058548,0.058556,0.057656,0.058019,30,"2767, 13801, 62, 95.17"
3,1,"NVIDIA GeForce RTX 5060",120,30,diner-p002,real,409600,0.010000,65536,2769,0.021126,8,65536,A4-rust,update,0.239252,0.240436,0.240508,0.237712,0.239278,30,"2767, 13801, 62, 95.17"
3,1,"NVIDIA GeForce RTX 5060",120,30,diner-p002,real,409600,0.010000,65536,2769,0.021126,8,65536,A5-triton,allocate,1.229112,1.230892,1.231316,1.226864,1.229002,30,"2767, 13801, 62, 95.17"
3,1,"NVIDIA GeForce RTX 5060",120,30,diner-p002,real,409600,0.010000,65536,2769,0.021126,8,65536,A5-triton,update,0.391880,0.393136,0.393136,0.391052,0.391961,30,"2767, 13801, 62, 95.17"
3,1,"NVIDIA GeForce RTX 5060",120,30,diner-p003,real,409600,0.010000,65536,15285,0.116615,8,65536,A3-cuda,allocate,0.051420,0.052272,0.052444,0.051188,0.051508,30,"2767, 13801, 62, 95.99"
3,1,"NVIDIA GeForce RTX 5060",120,30,diner-p003,real,409600,0.010000,65536,15285,0.116615,8,65536,A3-cuda,update,0.851436,0.856024,0.857568,0.847072,0.851755,30,"2767, 13801, 62, 95.99"
3,1,"NVIDIA GeForce RTX 5060",120,30,diner-p003,real,409600,0.010000,65536,15285,0.116615,8,65536,A4-rust,allocate,0.059940,0.060196,0.060360,0.059780,0.059978,30,"2767, 13801, 62, 95.99"
3,1,"NVIDIA GeForce RTX 5060",120,30,diner-p003,real,409600,0.010000,65536,15285,0.116615,8,65536,A4-rust,update,0.840844,0.842860,0.842880,0.838524,0.840748,30,"2767, 13801, 62, 95.99"
3,1,"NVIDIA GeForce RTX 5060",120,30,diner-p003,real,409600,0.010000,65536,15285,0.116615,8,65536,A5-triton,allocate,1.232904,1.235452,1.235768,1.230812,1.233000,30,"2767, 13801, 62, 95.99"
3,1,"NVIDIA GeForce RTX 5060",120,30,diner-p003,real,409600,0.010000,65536,15285,0.116615,8,65536,A5-triton,update,1.283584,1.287956,1.288240,1.277980,1.283537,30,"2767, 13801, 62, 95.99"
