run,device,device_name,sm,sm_count,cell,axis,points,voxel_m,pool_blocks,blocks,load_factor,batch,scratch_slots,arm,stage,p50_ms,p95_ms,p99_ms,min_ms,mean_ms,n,gpu_state
1,0,"NVIDIA GeForce RTX 5070 Ti",120,70,base,baseline,320000,0.010000,16384,1160,0.035400,8,65536,A3-cuda,allocate,0.027960,0.028336,0.028416,0.027720,0.027982,30,"2827, 13801, 46, 63.63"
1,0,"NVIDIA GeForce RTX 5070 Ti",120,70,base,baseline,320000,0.010000,16384,1160,0.035400,8,65536,A3-cuda,update,0.250252,0.252652,0.253580,0.248200,0.250320,30,"2827, 13801, 46, 63.63"
1,0,"NVIDIA GeForce RTX 5070 Ti",120,70,base,baseline,320000,0.010000,16384,1160,0.035400,8,65536,A4-rust,allocate,0.036744,0.037304,0.037540,0.035856,0.036679,30,"2827, 13801, 46, 63.63"
1,0,"NVIDIA GeForce RTX 5070 Ti",120,70,base,baseline,320000,0.010000,16384,1160,0.035400,8,65536,A4-rust,update,0.270828,0.273948,0.274216,0.266976,0.270909,30,"2827, 13801, 46, 63.63"
1,0,"NVIDIA GeForce RTX 5070 Ti",120,70,base,baseline,320000,0.010000,16384,1160,0.035400,8,65536,A5-triton,allocate,0.500968,0.503148,0.505432,0.497544,0.500814,30,"2827, 13801, 46, 63.63"
1,0,"NVIDIA GeForce RTX 5070 Ti",120,70,base,baseline,320000,0.010000,16384,1160,0.035400,8,65536,A5-triton,update,0.327808,0.329944,0.330388,0.324084,0.327692,30,"2827, 13801, 46, 63.63"
1,0,"NVIDIA GeForce RTX 5070 Ti",120,70,pts-20k,points,20000,0.010000,16384,1104,0.033691,8,65536,A3-cuda,allocate,0.004920,0.005200,0.005308,0.004720,0.004943,30,"2827, 13801, 44, 141.45"
1,0,"NVIDIA GeForce RTX 5070 Ti",120,70,pts-20k,points,20000,0.010000,16384,1104,0.033691,8,65536,A3-cuda,update,0.034980,0.035784,0.035828,0.034016,0.034945,30,"2827, 13801, 44, 141.45"
1,0,"NVIDIA GeForce RTX 5070 Ti",120,70,pts-20k,points,20000,0.010000,16384,1104,0.033691,8,65536,A4-rust,allocate,0.016644,0.016936,0.017100,0.016224,0.016649,30,"2827, 13801, 44, 141.45"
1,0,"NVIDIA GeForce RTX 5070 Ti",120,70,pts-20k,points,20000,0.010000,16384,1104,0.033691,8,65536,A4-rust,update,0.041204,0.042032,0.042544,0.040176,0.041198,30,"2827, 13801, 44, 141.45"
1,0,"NVIDIA GeForce RTX 5070 Ti",120,70,pts-20k,points,20000,0.010000,16384,1104,0.033691,8,65536,A5-triton,allocate,0.085732,0.086248,0.086280,0.084952,0.085649,30,"2827, 13801, 44, 141.45"
1,0,"NVIDIA GeForce RTX 5070 Ti",120,70,pts-20k,points,20000,0.010000,16384,1104,0.033691,8,65536,A5-triton,update,0.088256,0.088732,0.089000,0.087288,0.088173,30,"2827, 13801, 44, 141.45"
1,0,"NVIDIA GeForce RTX 5070 Ti",120,70,pts-80k,points,80000,0.010000,16384,1160,0.035400,8,65536,A3-cuda,allocate,0.010376,0.011232,0.011292,0.010020,0.010544,30,"2827, 13801, 45, 148.60"
1,0,"NVIDIA GeForce RTX 5070 Ti",120,70,pts-80k,points,80000,0.010000,16384,1160,0.035400,8,65536,A3-cuda,update,0.069972,0.070708,0.070708,0.069044,0.069938,30,"2827, 13801, 45, 148.60"
1,0,"NVIDIA GeForce RTX 5070 Ti",120,70,pts-80k,points,80000,0.010000,16384,1160,0.035400,8,65536,A4-rust,allocate,0.017512,0.018116,0.018116,0.016768,0.017503,30,"2827, 13801, 45, 148.60"
1,0,"NVIDIA GeForce RTX 5070 Ti",120,70,pts-80k,points,80000,0.010000,16384,1160,0.035400,8,65536,A4-rust,update,0.082476,0.084220,0.084756,0.079104,0.082523,30,"2827, 13801, 45, 148.60"
1,0,"NVIDIA GeForce RTX 5070 Ti",120,70,pts-80k,points,80000,0.010000,16384,1160,0.035400,8,65536,A5-triton,allocate,0.149508,0.150204,0.150204,0.148812,0.149561,30,"2827, 13801, 45, 148.60"
1,0,"NVIDIA GeForce RTX 5070 Ti",120,70,pts-80k,points,80000,0.010000,16384,1160,0.035400,8,65536,A5-triton,update,0.118252,0.119144,0.119408,0.117228,0.118261,30,"2827, 13801, 45, 148.60"
1,0,"NVIDIA GeForce RTX 5070 Ti",120,70,pts-720k,points,720000,0.010000,16384,1160,0.035400,8,65536,A3-cuda,allocate,0.051856,0.052708,0.052836,0.051012,0.051863,30,"2827, 13801, 48, 162.66"
1,0,"NVIDIA GeForce RTX 5070 Ti",120,70,pts-720k,points,720000,0.010000,16384,1160,0.035400,8,65536,A3-cuda,update,0.545660,0.548844,0.551308,0.540684,0.545330,30,"2827, 13801, 48, 162.66"
1,0,"NVIDIA GeForce RTX 5070 Ti",120,70,pts-720k,points,720000,0.010000,16384,1160,0.035400,8,65536,A4-rust,allocate,0.062504,0.063504,0.063708,0.061516,0.062518,30,"2827, 13801, 48, 162.66"
1,0,"NVIDIA GeForce RTX 5070 Ti",120,70,pts-720k,points,720000,0.010000,16384,1160,0.035400,8,65536,A4-rust,update,0.564952,0.569964,0.570288,0.560300,0.565499,30,"2827, 13801, 48, 162.66"
1,0,"NVIDIA GeForce RTX 5070 Ti",120,70,pts-720k,points,720000,0.010000,16384,1160,0.035400,8,65536,A5-triton,allocate,1.125340,1.130760,1.131952,1.120512,1.125717,30,"2827, 13801, 48, 162.66"
1,0,"NVIDIA GeForce RTX 5070 Ti",120,70,pts-720k,points,720000,0.010000,16384,1160,0.035400,8,65536,A5-triton,update,0.641272,0.643156,0.643316,0.636500,0.640924,30,"2827, 13801, 48, 162.66"
1,0,"NVIDIA GeForce RTX 5070 Ti",120,70,pts-1280k,points,1280000,0.010000,16384,1160,0.035400,8,65536,A3-cuda,allocate,0.078944,0.080308,0.080364,0.078372,0.079230,30,"2827, 13801, 49, 170.75"
1,0,"NVIDIA GeForce RTX 5070 Ti",120,70,pts-1280k,points,1280000,0.010000,16384,1160,0.035400,8,65536,A3-cuda,update,0.896240,0.901892,0.904044,0.891628,0.896754,30,"2827, 13801, 49, 170.75"
1,0,"NVIDIA GeForce RTX 5070 Ti",120,70,pts-1280k,points,1280000,0.010000,16384,1160,0.035400,8,65536,A4-rust,allocate,0.095252,0.097220,0.097492,0.093020,0.095113,30,"2827, 13801, 49, 170.75"
1,0,"NVIDIA GeForce RTX 5070 Ti",120,70,pts-1280k,points,1280000,0.010000,16384,1160,0.035400,8,65536,A4-rust,update,0.928040,0.935432,0.940396,0.921312,0.928495,30,"2827, 13801, 49, 170.75"
1,0,"NVIDIA GeForce RTX 5070 Ti",120,70,pts-1280k,points,1280000,0.010000,16384,1160,0.035400,8,65536,A5-triton,allocate,1.942636,1.947244,1.948368,1.937280,1.942446,30,"2827, 13801, 49, 170.75"
1,0,"NVIDIA GeForce RTX 5070 Ti",120,70,pts-1280k,points,1280000,0.010000,16384,1160,0.035400,8,65536,A5-triton,update,1.044664,1.049704,1.051972,1.035132,1.043763,30,"2827, 13801, 49, 170.75"
1,0,"NVIDIA GeForce RTX 5070 Ti",120,70,r-0.25,extent,320000,0.010000,16384,280,0.008545,8,65536,A3-cuda,allocate,0.023736,0.024832,0.025004,0.023056,0.023915,30,"2827, 13801, 49, 160.88"
1,0,"NVIDIA GeForce RTX 5070 Ti",120,70,r-0.25,extent,320000,0.010000,16384,280,0.008545,8,65536,A3-cuda,update,0.243024,0.246000,0.246580,0.238372,0.242475,30,"2827, 13801, 49, 160.88"
1,0,"NVIDIA GeForce RTX 5070 Ti",120,70,r-0.25,extent,320000,0.010000,16384,280,0.008545,8,65536,A4-rust,allocate,0.035368,0.036144,0.036336,0.034188,0.035263,30,"2827, 13801, 49, 160.88"
1,0,"NVIDIA GeForce RTX 5070 Ti",120,70,r-0.25,extent,320000,0.010000,16384,280,0.008545,8,65536,A4-rust,update,0.271608,0.273836,0.274152,0.267216,0.271062,30,"2827, 13801, 49, 160.88"
1,0,"NVIDIA GeForce RTX 5070 Ti",120,70,r-0.25,extent,320000,0.010000,16384,280,0.008545,8,65536,A5-triton,allocate,0.500840,0.503528,0.503720,0.498044,0.501057,30,"2827, 13801, 49, 160.88"
1,0,"NVIDIA GeForce RTX 5070 Ti",120,70,r-0.25,extent,320000,0.010000,16384,280,0.008545,8,65536,A5-triton,update,0.306668,0.310508,0.310512,0.302192,0.306422,30,"2827, 13801, 49, 160.88"
1,0,"NVIDIA GeForce RTX 5070 Ti",120,70,r-1.0,extent,320000,0.010000,65536,4752,0.036255,8,65536,A3-cuda,allocate,0.032496,0.032652,0.032724,0.031780,0.032449,30,"2827, 13801, 48, 173.32"
1,0,"NVIDIA GeForce RTX 5070 Ti",120,70,r-1.0,extent,320000,0.010000,65536,4752,0.036255,8,65536,A3-cuda,update,0.278320,0.279968,0.280460,0.275336,0.277921,30,"2827, 13801, 48, 173.32"
1,0,"NVIDIA GeForce RTX 5070 Ti",120,70,r-1.0,extent,320000,0.010000,65536,4752,0.036255,8,65536,A4-rust,allocate,0.041116,0.041732,0.041768,0.040288,0.041094,30,"2827, 13801, 48, 173.32"
1,0,"NVIDIA GeForce RTX 5070 Ti",120,70,r-1.0,extent,320000,0.010000,65536,4752,0.036255,8,65536,A4-rust,update,0.290348,0.292124,0.293168,0.287452,0.290203,30,"2827, 13801, 48, 173.32"
1,0,"NVIDIA GeForce RTX 5070 Ti",120,70,r-1.0,extent,320000,0.010000,65536,4752,0.036255,8,65536,A5-triton,allocate,0.503476,0.505744,0.507304,0.499672,0.503289,30,"2827, 13801, 48, 173.32"
1,0,"NVIDIA GeForce RTX 5070 Ti",120,70,r-1.0,extent,320000,0.010000,65536,4752,0.036255,8,65536,A5-triton,update,0.346840,0.350696,0.350968,0.343248,0.346970,30,"2827, 13801, 48, 173.32"
1,0,"NVIDIA GeForce RTX 5070 Ti",120,70,r-2.0,extent,320000,0.010000,131072,18160,0.069275,8,65536,A3-cuda,allocate,0.044728,0.044972,0.045180,0.044000,0.044632,30,"2827, 13801, 49, 170.12"
1,0,"NVIDIA GeForce RTX 5070 Ti",120,70,r-2.0,extent,320000,0.010000,131072,18160,0.069275,8,65536,A3-cuda,update,0.619404,0.621552,0.622352,0.616072,0.619443,30,"2827, 13801, 49, 170.12"
1,0,"NVIDIA GeForce RTX 5070 Ti",120,70,r-2.0,extent,320000,0.010000,131072,18160,0.069275,8,65536,A4-rust,allocate,0.051912,0.052248,0.052252,0.051188,0.051855,30,"2827, 13801, 49, 170.12"
1,0,"NVIDIA GeForce RTX 5070 Ti",120,70,r-2.0,extent,320000,0.010000,131072,18160,0.069275,8,65536,A4-rust,update,0.595524,0.596564,0.596596,0.593736,0.595398,30,"2827, 13801, 49, 170.12"
1,0,"NVIDIA GeForce RTX 5070 Ti",120,70,r-2.0,extent,320000,0.010000,131072,18160,0.069275,8,65536,A5-triton,allocate,0.507164,0.510352,0.511944,0.504432,0.507460,30,"2827, 13801, 49, 170.12"
1,0,"NVIDIA GeForce RTX 5070 Ti",120,70,r-2.0,extent,320000,0.010000,131072,18160,0.069275,8,65536,A5-triton,update,0.774144,0.776200,0.776300,0.769264,0.773695,30,"2827, 13801, 49, 170.12"
1,0,"NVIDIA GeForce RTX 5070 Ti",120,70,lf-sparse,loadfactor,320000,0.010000,18560,1160,0.017700,8,65536,A3-cuda,allocate,0.028320,0.029420,0.029436,0.027772,0.028549,30,"2827, 13801, 50, 163.35"
1,0,"NVIDIA GeForce RTX 5070 Ti",120,70,lf-sparse,loadfactor,320000,0.010000,18560,1160,0.017700,8,65536,A3-cuda,update,0.255268,0.258280,0.259808,0.252428,0.255350,30,"2827, 13801, 50, 163.35"
1,0,"NVIDIA GeForce RTX 5070 Ti",120,70,lf-sparse,loadfactor,320000,0.010000,18560,1160,0.017700,8,65536,A4-rust,allocate,0.041920,0.042640,0.042948,0.041096,0.041884,30,"2827, 13801, 50, 163.35"
1,0,"NVIDIA GeForce RTX 5070 Ti",120,70,lf-sparse,loadfactor,320000,0.010000,18560,1160,0.017700,8,65536,A4-rust,update,0.275704,0.279596,0.280368,0.269864,0.275595,30,"2827, 13801, 50, 163.35"
1,0,"NVIDIA GeForce RTX 5070 Ti",120,70,lf-sparse,loadfactor,320000,0.010000,18560,1160,0.017700,8,65536,A5-triton,allocate,0.504456,0.508796,0.508864,0.501812,0.504950,30,"2827, 13801, 50, 163.35"
1,0,"NVIDIA GeForce RTX 5070 Ti",120,70,lf-sparse,loadfactor,320000,0.010000,18560,1160,0.017700,8,65536,A5-triton,update,0.332408,0.334544,0.337008,0.328820,0.332314,30,"2827, 13801, 50, 163.35"
1,0,"NVIDIA GeForce RTX 5070 Ti",120,70,plane-320k,shape,320356,0.010000,16384,1060,0.032349,8,65536,A3-cuda,allocate,0.029448,0.029616,0.029624,0.028336,0.029193,30,"2827, 13801, 50, 157.75"
1,0,"NVIDIA GeForce RTX 5070 Ti",120,70,plane-320k,shape,320356,0.010000,16384,1060,0.032349,8,65536,A3-cuda,update,0.334068,0.336652,0.336780,0.331024,0.334032,30,"2827, 13801, 50, 157.75"
1,0,"NVIDIA GeForce RTX 5070 Ti",120,70,plane-320k,shape,320356,0.010000,16384,1060,0.032349,8,65536,A4-rust,allocate,0.035848,0.036384,0.036572,0.035448,0.035893,30,"2827, 13801, 50, 157.75"
1,0,"NVIDIA GeForce RTX 5070 Ti",120,70,plane-320k,shape,320356,0.010000,16384,1060,0.032349,8,65536,A4-rust,update,0.343848,0.346348,0.346368,0.340976,0.343938,30,"2827, 13801, 50, 157.75"
1,0,"NVIDIA GeForce RTX 5070 Ti",120,70,plane-320k,shape,320356,0.010000,16384,1060,0.032349,8,65536,A5-triton,allocate,0.501920,0.505192,0.505196,0.498564,0.501981,30,"2827, 13801, 50, 157.75"
1,0,"NVIDIA GeForce RTX 5070 Ti",120,70,plane-320k,shape,320356,0.010000,16384,1060,0.032349,8,65536,A5-triton,update,0.373992,0.377132,0.378336,0.371064,0.374205,30,"2827, 13801, 50, 157.75"
1,0,"NVIDIA GeForce RTX 5070 Ti",120,70,tartan-cold,real,407444,0.010000,65536,10245,0.078163,8,65536,A3-cuda,allocate,0.037232,0.037460,0.038060,0.036996,0.037276,30,"2827, 13801, 51, 179.70"
1,0,"NVIDIA GeForce RTX 5070 Ti",120,70,tartan-cold,real,407444,0.010000,65536,10245,0.078163,8,65536,A3-cuda,update,0.435208,0.436868,0.438272,0.433520,0.435496,30,"2827, 13801, 51, 179.70"
1,0,"NVIDIA GeForce RTX 5070 Ti",120,70,tartan-cold,real,407444,0.010000,65536,10245,0.078163,8,65536,A4-rust,allocate,0.045984,0.046316,0.046328,0.045684,0.045983,30,"2827, 13801, 51, 179.70"
1,0,"NVIDIA GeForce RTX 5070 Ti",120,70,tartan-cold,real,407444,0.010000,65536,10245,0.078163,8,65536,A4-rust,update,0.440776,0.443316,0.443364,0.438504,0.440806,30,"2827, 13801, 51, 179.70"
1,0,"NVIDIA GeForce RTX 5070 Ti",120,70,tartan-cold,real,407444,0.010000,65536,10245,0.078163,8,65536,A5-triton,allocate,0.664340,0.666704,0.670044,0.660044,0.664068,30,"2827, 13801, 51, 179.70"
1,0,"NVIDIA GeForce RTX 5070 Ti",120,70,tartan-cold,real,407444,0.010000,65536,10245,0.078163,8,65536,A5-triton,update,0.551540,0.552956,0.553548,0.548712,0.551377,30,"2827, 13801, 51, 179.70"
1,0,"NVIDIA GeForce RTX 5070 Ti",120,70,tartan-warm,real,407444,0.010000,65536,14332,0.109344,8,65536,A3-cuda,allocate,0.023200,0.023608,0.024564,0.022860,0.023228,30,"2827, 13801, 52, 195.36"
1,0,"NVIDIA GeForce RTX 5070 Ti",120,70,tartan-warm,real,407444,0.010000,65536,14332,0.109344,8,65536,A3-cuda,update,0.365036,0.366716,0.367524,0.362768,0.365191,30,"2827, 13801, 52, 195.36"
1,0,"NVIDIA GeForce RTX 5070 Ti",120,70,tartan-warm,real,407444,0.010000,65536,14332,0.109344,8,65536,A4-rust,allocate,0.028680,0.029060,0.029088,0.028096,0.028636,30,"2827, 13801, 52, 195.36"
1,0,"NVIDIA GeForce RTX 5070 Ti",120,70,tartan-warm,real,407444,0.010000,65536,14332,0.109344,8,65536,A4-rust,update,0.366812,0.368376,0.369584,0.364396,0.366856,30,"2827, 13801, 52, 195.36"
1,0,"NVIDIA GeForce RTX 5070 Ti",120,70,tartan-warm,real,407444,0.010000,65536,14332,0.109344,8,65536,A5-triton,allocate,0.662852,0.665368,0.666724,0.659556,0.662525,30,"2827, 13801, 52, 195.36"
1,0,"NVIDIA GeForce RTX 5070 Ti",120,70,tartan-warm,real,407444,0.010000,65536,14332,0.109344,8,65536,A5-triton,update,0.471008,0.474324,0.474888,0.468332,0.471106,30,"2827, 13801, 52, 195.36"
1,0,"NVIDIA GeForce RTX 5070 Ti",120,70,tartan-p001,real,374692,0.010000,65536,5582,0.042587,8,65536,A3-cuda,allocate,0.020116,0.020224,0.020244,0.019416,0.020044,30,"2820, 13801, 54, 199.07"
1,0,"NVIDIA GeForce RTX 5070 Ti",120,70,tartan-p001,real,374692,0.010000,65536,5582,0.042587,8,65536,A3-cuda,update,0.192564,0.193972,0.194108,0.192288,0.192907,30,"2820, 13801, 54, 199.07"
1,0,"NVIDIA GeForce RTX 5070 Ti",120,70,tartan-p001,real,374692,0.010000,65536,5582,0.042587,8,65536,A4-rust,allocate,0.026800,0.027064,0.027108,0.026560,0.026808,30,"2820, 13801, 54, 199.07"
1,0,"NVIDIA GeForce RTX 5070 Ti",120,70,tartan-p001,real,374692,0.010000,65536,5582,0.042587,8,65536,A4-rust,update,0.200944,0.202432,0.202724,0.198876,0.200860,30,"2820, 13801, 54, 199.07"
1,0,"NVIDIA GeForce RTX 5070 Ti",120,70,tartan-p001,real,374692,0.010000,65536,5582,0.042587,8,65536,A5-triton,allocate,0.637308,0.641508,0.642152,0.633280,0.637029,30,"2820, 13801, 54, 199.07"
1,0,"NVIDIA GeForce RTX 5070 Ti",120,70,tartan-p001,real,374692,0.010000,65536,5582,0.042587,8,65536,A5-triton,update,0.290232,0.291180,0.291756,0.289012,0.290222,30,"2820, 13801, 54, 199.07"
1,0,"NVIDIA GeForce RTX 5070 Ti",120,70,tartan-p003,real,405269,0.010000,65536,14945,0.114021,8,65536,A3-cuda,allocate,0.023232,0.023380,0.023384,0.022660,0.023230,30,"2820, 13801, 56, 197.88"
1,0,"NVIDIA GeForce RTX 5070 Ti",120,70,tartan-p003,real,405269,0.010000,65536,14945,0.114021,8,65536,A3-cuda,update,0.424200,0.424784,0.425728,0.422664,0.423917,30,"2820, 13801, 56, 197.88"
1,0,"NVIDIA GeForce RTX 5070 Ti",120,70,tartan-p003,real,405269,0.010000,65536,14945,0.114021,8,65536,A4-rust,allocate,0.028880,0.029680,0.029748,0.028800,0.028998,30,"2820, 13801, 56, 197.88"
1,0,"NVIDIA GeForce RTX 5070 Ti",120,70,tartan-p003,real,405269,0.010000,65536,14945,0.114021,8,65536,A4-rust,update,0.430328,0.431592,0.431928,0.428432,0.430189,30,"2820, 13801, 56, 197.88"
1,0,"NVIDIA GeForce RTX 5070 Ti",120,70,tartan-p003,real,405269,0.010000,65536,14945,0.114021,8,65536,A5-triton,allocate,0.661116,0.663092,0.664500,0.656232,0.660706,30,"2820, 13801, 56, 197.88"
1,0,"NVIDIA GeForce RTX 5070 Ti",120,70,tartan-p003,real,405269,0.010000,65536,14945,0.114021,8,65536,A5-triton,update,0.546640,0.547668,0.548640,0.543820,0.546398,30,"2820, 13801, 56, 197.88"
1,0,"NVIDIA GeForce RTX 5070 Ti",120,70,tartan-p004,real,400248,0.010000,65536,8663,0.066093,8,65536,A3-cuda,allocate,0.022180,0.022976,0.025812,0.021864,0.022291,30,"2820, 13801, 56, 199.78"
1,0,"NVIDIA GeForce RTX 5070 Ti",120,70,tartan-p004,real,400248,0.010000,65536,8663,0.066093,8,65536,A3-cuda,update,0.339724,0.341508,0.341860,0.337264,0.339428,30,"2820, 13801, 56, 199.78"
1,0,"NVIDIA GeForce RTX 5070 Ti",120,70,tartan-p004,real,400248,0.010000,65536,8663,0.066093,8,65536,A4-rust,allocate,0.028880,0.029688,0.030860,0.028584,0.028988,30,"2820, 13801, 56, 199.78"
1,0,"NVIDIA GeForce RTX 5070 Ti",120,70,tartan-p004,real,400248,0.010000,65536,8663,0.066093,8,65536,A4-rust,update,0.345060,0.346096,0.346732,0.343240,0.344995,30,"2820, 13801, 56, 199.78"
1,0,"NVIDIA GeForce RTX 5070 Ti",120,70,tartan-p004,real,400248,0.010000,65536,8663,0.066093,8,65536,A5-triton,allocate,0.653560,0.657244,0.657788,0.651316,0.654042,30,"2820, 13801, 56, 199.78"
1,0,"NVIDIA GeForce RTX 5070 Ti",120,70,tartan-p004,real,400248,0.010000,65536,8663,0.066093,8,65536,A5-triton,update,0.430712,0.432356,0.432424,0.428764,0.430887,30,"2820, 13801, 56, 199.78"
1,0,"NVIDIA GeForce RTX 5070 Ti",120,70,tartan-p005,real,401678,0.010000,65536,14219,0.108482,8,65536,A3-cuda,allocate,0.026624,0.027492,0.027600,0.026444,0.026678,30,"2820, 13801, 56, 195.58"
1,0,"NVIDIA GeForce RTX 5070 Ti",120,70,tartan-p005,real,401678,0.010000,65536,14219,0.108482,8,65536,A3-cuda,update,0.470924,0.472464,0.473328,0.467704,0.471074,30,"2820, 13801, 56, 195.58"
1,0,"NVIDIA GeForce RTX 5070 Ti",120,70,tartan-p005,real,401678,0.010000,65536,14219,0.108482,8,65536,A4-rust,allocate,0.034480,0.034836,0.035180,0.033980,0.034500,30,"2820, 13801, 56, 195.58"
1,0,"NVIDIA GeForce RTX 5070 Ti",120,70,tartan-p005,real,401678,0.010000,65536,14219,0.108482,8,65536,A4-rust,update,0.472284,0.474336,0.474592,0.468724,0.472176,30,"2820, 13801, 56, 195.58"
1,0,"NVIDIA GeForce RTX 5070 Ti",120,70,tartan-p005,real,401678,0.010000,65536,14219,0.108482,8,65536,A5-triton,allocate,0.659164,0.662348,0.663128,0.655456,0.659307,30,"2820, 13801, 56, 195.58"
1,0,"NVIDIA GeForce RTX 5070 Ti",120,70,tartan-p005,real,401678,0.010000,65536,14219,0.108482,8,65536,A5-triton,update,0.652776,0.656120,0.656892,0.649952,0.652964,30,"2820, 13801, 56, 195.58"
1,0,"NVIDIA GeForce RTX 5070 Ti",120,70,diner-p000,real,393624,0.010000,65536,12266,0.093582,8,65536,A3-cuda,allocate,0.024744,0.024864,0.024868,0.024408,0.024732,30,"2820, 13801, 58, 198.30"
1,0,"NVIDIA GeForce RTX 5070 Ti",120,70,diner-p000,real,393624,0.010000,65536,12266,0.093582,8,65536,A3-cuda,update,0.375180,0.376700,0.378252,0.373512,0.375549,30,"2820, 13801, 58, 198.30"
1,0,"NVIDIA GeForce RTX 5070 Ti",120,70,diner-p000,real,393624,0.010000,65536,12266,0.093582,8,65536,A4-rust,allocate,0.032812,0.033028,0.033220,0.032440,0.032792,30,"2820, 13801, 58, 198.30"
1,0,"NVIDIA GeForce RTX 5070 Ti",120,70,diner-p000,real,393624,0.010000,65536,12266,0.093582,8,65536,A4-rust,update,0.384200,0.386756,0.387164,0.382176,0.384386,30,"2820, 13801, 58, 198.30"
1,0,"NVIDIA GeForce RTX 5070 Ti",120,70,diner-p000,real,393624,0.010000,65536,12266,0.093582,8,65536,A5-triton,allocate,0.653044,0.656164,0.656204,0.648980,0.652770,30,"2820, 13801, 58, 198.30"
1,0,"NVIDIA GeForce RTX 5070 Ti",120,70,diner-p000,real,393624,0.010000,65536,12266,0.093582,8,65536,A5-triton,update,0.489828,0.490972,0.491440,0.488656,0.489862,30,"2820, 13801, 58, 198.30"
1,0,"NVIDIA GeForce RTX 5070 Ti",120,70,diner-p002,real,409600,0.010000,65536,2769,0.021126,8,65536,A3-cuda,allocate,0.021708,0.022348,0.023904,0.021528,0.021809,30,"2820, 13801, 58, 208.44"
1,0,"NVIDIA GeForce RTX 5070 Ti",120,70,diner-p002,real,409600,0.010000,65536,2769,0.021126,8,65536,A3-cuda,update,0.117048,0.117532,0.117688,0.115448,0.116943,30,"2820, 13801, 58, 208.44"
1,0,"NVIDIA GeForce RTX 5070 Ti",120,70,diner-p002,real,409600,0.010000,65536,2769,0.021126,8,65536,A4-rust,allocate,0.030572,0.030848,0.031008,0.030048,0.030508,30,"2820, 13801, 58, 208.44"
1,0,"NVIDIA GeForce RTX 5070 Ti",120,70,diner-p002,real,409600,0.010000,65536,2769,0.021126,8,65536,A4-rust,update,0.127212,0.128304,0.128668,0.126292,0.127223,30,"2820, 13801, 58, 208.44"
1,0,"NVIDIA GeForce RTX 5070 Ti",120,70,diner-p002,real,409600,0.010000,65536,2769,0.021126,8,65536,A5-triton,allocate,0.660324,0.664816,0.665912,0.655652,0.660174,30,"2820, 13801, 58, 208.44"
1,0,"NVIDIA GeForce RTX 5070 Ti",120,70,diner-p002,real,409600,0.010000,65536,2769,0.021126,8,65536,A5-triton,update,0.217576,0.218604,0.219020,0.216424,0.217539,30,"2820, 13801, 58, 208.44"
1,0,"NVIDIA GeForce RTX 5070 Ti",120,70,diner-p003,real,409600,0.010000,65536,15285,0.116615,8,65536,A3-cuda,allocate,0.023276,0.025792,0.026540,0.022964,0.023503,30,"2820, 13801, 57, 197.61"
1,0,"NVIDIA GeForce RTX 5070 Ti",120,70,diner-p003,real,409600,0.010000,65536,15285,0.116615,8,65536,A3-cuda,update,0.444292,0.447240,0.447372,0.442604,0.444383,30,"2820, 13801, 57, 197.61"
1,0,"NVIDIA GeForce RTX 5070 Ti",120,70,diner-p003,real,409600,0.010000,65536,15285,0.116615,8,65536,A4-rust,allocate,0.030900,0.032588,0.032848,0.030584,0.031078,30,"2820, 13801, 57, 197.61"
1,0,"NVIDIA GeForce RTX 5070 Ti",120,70,diner-p003,real,409600,0.010000,65536,15285,0.116615,8,65536,A4-rust,update,0.439780,0.441740,0.442352,0.437244,0.439727,30,"2820, 13801, 57, 197.61"
1,0,"NVIDIA GeForce RTX 5070 Ti",120,70,diner-p003,real,409600,0.010000,65536,15285,0.116615,8,65536,A5-triton,allocate,0.666036,0.669228,0.670536,0.661244,0.665342,30,"2820, 13801, 57, 197.61"
1,0,"NVIDIA GeForce RTX 5070 Ti",120,70,diner-p003,real,409600,0.010000,65536,15285,0.116615,8,65536,A5-triton,update,0.622192,0.625140,0.626480,0.618584,0.622517,30,"2820, 13801, 57, 197.61"
1,0,"NVIDIA GeForce RTX 5070 Ti",120,70,diner-p000-cold,coldwarm,393624,0.010000,65536,9321,0.071114,8,65536,A3-cuda,allocate,0.034368,0.035564,0.035756,0.033972,0.034453,30,"2820, 13801, 56, 180.74"
1,0,"NVIDIA GeForce RTX 5070 Ti",120,70,diner-p000-cold,coldwarm,393624,0.010000,65536,9321,0.071114,8,65536,A3-cuda,update,0.414208,0.416916,0.417104,0.410872,0.414368,30,"2820, 13801, 56, 180.74"
1,0,"NVIDIA GeForce RTX 5070 Ti",120,70,diner-p000-cold,coldwarm,393624,0.010000,65536,9321,0.071114,8,65536,A4-rust,allocate,0.044740,0.045620,0.046124,0.043936,0.044731,30,"2820, 13801, 56, 180.74"
1,0,"NVIDIA GeForce RTX 5070 Ti",120,70,diner-p000-cold,coldwarm,393624,0.010000,65536,9321,0.071114,8,65536,A4-rust,update,0.422224,0.424544,0.425032,0.419512,0.422270,30,"2820, 13801, 56, 180.74"
1,0,"NVIDIA GeForce RTX 5070 Ti",120,70,diner-p000-cold,coldwarm,393624,0.010000,65536,9321,0.071114,8,65536,A5-triton,allocate,0.654044,0.656800,0.657988,0.648604,0.653754,30,"2820, 13801, 56, 180.74"
1,0,"NVIDIA GeForce RTX 5070 Ti",120,70,diner-p000-cold,coldwarm,393624,0.010000,65536,9321,0.071114,8,65536,A5-triton,update,0.537956,0.539836,0.539956,0.536368,0.538055,30,"2820, 13801, 56, 180.74"
1,0,"NVIDIA GeForce RTX 5070 Ti",120,70,diner-p003-cold,coldwarm,409600,0.010000,65536,12550,0.095749,8,65536,A3-cuda,allocate,0.040556,0.040996,0.041060,0.039592,0.040540,30,"2820, 13801, 56, 179.25"
1,0,"NVIDIA GeForce RTX 5070 Ti",120,70,diner-p003-cold,coldwarm,409600,0.010000,65536,12550,0.095749,8,65536,A3-cuda,update,0.523340,0.525696,0.525800,0.521220,0.523402,30,"2820, 13801, 56, 179.25"
1,0,"NVIDIA GeForce RTX 5070 Ti",120,70,diner-p003-cold,coldwarm,409600,0.010000,65536,12550,0.095749,8,65536,A4-rust,allocate,0.049664,0.051004,0.051320,0.049000,0.049760,30,"2820, 13801, 56, 179.25"
1,0,"NVIDIA GeForce RTX 5070 Ti",120,70,diner-p003-cold,coldwarm,409600,0.010000,65536,12550,0.095749,8,65536,A4-rust,update,0.523156,0.525864,0.526292,0.520056,0.523215,30,"2820, 13801, 56, 179.25"
1,0,"NVIDIA GeForce RTX 5070 Ti",120,70,diner-p003-cold,coldwarm,409600,0.010000,65536,12550,0.095749,8,65536,A5-triton,allocate,0.666960,0.669484,0.670900,0.664140,0.666738,30,"2820, 13801, 56, 179.25"
1,0,"NVIDIA GeForce RTX 5070 Ti",120,70,diner-p003-cold,coldwarm,409600,0.010000,65536,12550,0.095749,8,65536,A5-triton,update,0.697708,0.703068,0.703628,0.693748,0.698410,30,"2820, 13801, 56, 179.25"
1,0,"NVIDIA GeForce RTX 5070 Ti",120,70,tartan-p003-cold,coldwarm,405269,0.010000,65536,10070,0.076828,8,65536,A3-cuda,allocate,0.039296,0.039896,0.040612,0.038296,0.039284,30,"2820, 13801, 57, 181.43"
1,0,"NVIDIA GeForce RTX 5070 Ti",120,70,tartan-p003-cold,coldwarm,405269,0.010000,65536,10070,0.076828,8,65536,A3-cuda,update,0.447356,0.448544,0.449228,0.444352,0.446874,30,"2820, 13801, 57, 181.43"
1,0,"NVIDIA GeForce RTX 5070 Ti",120,70,tartan-p003-cold,coldwarm,405269,0.010000,65536,10070,0.076828,8,65536,A4-rust,allocate,0.048240,0.049208,0.049856,0.047640,0.048343,30,"2820, 13801, 57, 181.43"
1,0,"NVIDIA GeForce RTX 5070 Ti",120,70,tartan-p003-cold,coldwarm,405269,0.010000,65536,10070,0.076828,8,65536,A4-rust,update,0.454520,0.456908,0.457212,0.452820,0.454761,30,"2820, 13801, 57, 181.43"
1,0,"NVIDIA GeForce RTX 5070 Ti",120,70,tartan-p003-cold,coldwarm,405269,0.010000,65536,10070,0.076828,8,65536,A5-triton,allocate,0.663700,0.667188,0.671836,0.658224,0.663778,30,"2820, 13801, 57, 181.43"
1,0,"NVIDIA GeForce RTX 5070 Ti",120,70,tartan-p003-cold,coldwarm,405269,0.010000,65536,10070,0.076828,8,65536,A5-triton,update,0.566104,0.567948,0.568124,0.564548,0.566252,30,"2820, 13801, 57, 181.43"
1,0,"NVIDIA GeForce RTX 5070 Ti",120,70,tartan-p001-cold,coldwarm,374692,0.010000,65536,4478,0.034164,8,65536,A3-cuda,allocate,0.031108,0.031724,0.031780,0.029976,0.031008,30,"2820, 13801, 57, 178.62"
1,0,"NVIDIA GeForce RTX 5070 Ti",120,70,tartan-p001-cold,coldwarm,374692,0.010000,65536,4478,0.034164,8,65536,A3-cuda,update,0.310760,0.312252,0.314044,0.308648,0.310701,30,"2820, 13801, 57, 178.62"
1,0,"NVIDIA GeForce RTX 5070 Ti",120,70,tartan-p001-cold,coldwarm,374692,0.010000,65536,4478,0.034164,8,65536,A4-rust,allocate,0.041688,0.042784,0.042824,0.040952,0.041723,30,"2820, 13801, 57, 178.62"
1,0,"NVIDIA GeForce RTX 5070 Ti",120,70,tartan-p001-cold,coldwarm,374692,0.010000,65536,4478,0.034164,8,65536,A4-rust,update,0.319768,0.322620,0.322644,0.317904,0.319916,30,"2820, 13801, 57, 178.62"
1,0,"NVIDIA GeForce RTX 5070 Ti",120,70,tartan-p001-cold,coldwarm,374692,0.010000,65536,4478,0.034164,8,65536,A5-triton,allocate,0.639564,0.643472,0.648828,0.636112,0.639899,30,"2820, 13801, 57, 178.62"
1,0,"NVIDIA GeForce RTX 5070 Ti",120,70,tartan-p001-cold,coldwarm,374692,0.010000,65536,4478,0.034164,8,65536,A5-triton,update,0.404152,0.405272,0.405852,0.402148,0.404033,30,"2820, 13801, 57, 178.62"
1,1,"NVIDIA GeForce RTX 5060",120,30,base,baseline,320000,0.010000,16384,1160,0.035400,8,65536,A3-cuda,allocate,0.054104,0.054712,0.055492,0.052992,0.054053,30,"2797, 13801, 38, 75.50"
1,1,"NVIDIA GeForce RTX 5060",120,30,base,baseline,320000,0.010000,16384,1160,0.035400,8,65536,A3-cuda,update,0.455952,0.458036,0.459580,0.449800,0.455294,30,"2797, 13801, 38, 75.50"
1,1,"NVIDIA GeForce RTX 5060",120,30,base,baseline,320000,0.010000,16384,1160,0.035400,8,65536,A4-rust,allocate,0.063520,0.064036,0.064200,0.062644,0.063405,30,"2797, 13801, 38, 75.50"
1,1,"NVIDIA GeForce RTX 5060",120,30,base,baseline,320000,0.010000,16384,1160,0.035400,8,65536,A4-rust,update,0.473424,0.477664,0.479168,0.468852,0.473553,30,"2797, 13801, 38, 75.50"
1,1,"NVIDIA GeForce RTX 5060",120,30,base,baseline,320000,0.010000,16384,1160,0.035400,8,65536,A5-triton,allocate,0.962800,0.965356,0.965444,0.960800,0.962753,30,"2797, 13801, 38, 75.50"
1,1,"NVIDIA GeForce RTX 5060",120,30,base,baseline,320000,0.010000,16384,1160,0.035400,8,65536,A5-triton,update,0.559992,0.561976,0.561976,0.555924,0.559349,30,"2797, 13801, 38, 75.50"
1,1,"NVIDIA GeForce RTX 5060",120,30,pts-20k,points,20000,0.010000,16384,1104,0.033691,8,65536,A3-cuda,allocate,0.008672,0.009476,0.009840,0.008092,0.008654,30,"2797, 13801, 36, 60.58"
1,1,"NVIDIA GeForce RTX 5060",120,30,pts-20k,points,20000,0.010000,16384,1104,0.033691,8,65536,A3-cuda,update,0.063836,0.064564,0.065140,0.062828,0.063771,30,"2797, 13801, 36, 60.58"
1,1,"NVIDIA GeForce RTX 5060",120,30,pts-20k,points,20000,0.010000,16384,1104,0.033691,8,65536,A4-rust,allocate,0.018892,0.019424,0.020472,0.018360,0.018907,30,"2797, 13801, 36, 60.58"
1,1,"NVIDIA GeForce RTX 5060",120,30,pts-20k,points,20000,0.010000,16384,1104,0.033691,8,65536,A4-rust,update,0.064156,0.064936,0.065072,0.062776,0.064116,30,"2797, 13801, 36, 60.58"
1,1,"NVIDIA GeForce RTX 5060",120,30,pts-20k,points,20000,0.010000,16384,1104,0.033691,8,65536,A5-triton,allocate,0.095020,0.095288,0.095616,0.094092,0.094906,30,"2797, 13801, 36, 60.58"
1,1,"NVIDIA GeForce RTX 5060",120,30,pts-20k,points,20000,0.010000,16384,1104,0.033691,8,65536,A5-triton,update,0.099660,0.100304,0.100416,0.099004,0.099650,30,"2797, 13801, 36, 60.58"
1,1,"NVIDIA GeForce RTX 5060",120,30,pts-80k,points,80000,0.010000,16384,1160,0.035400,8,65536,A3-cuda,allocate,0.019628,0.020812,0.021388,0.018652,0.019686,30,"2797, 13801, 36, 62.20"
1,1,"NVIDIA GeForce RTX 5060",120,30,pts-80k,points,80000,0.010000,16384,1160,0.035400,8,65536,A3-cuda,update,0.131284,0.132964,0.133108,0.130396,0.131441,30,"2797, 13801, 36, 62.20"
1,1,"NVIDIA GeForce RTX 5060",120,30,pts-80k,points,80000,0.010000,16384,1160,0.035400,8,65536,A4-rust,allocate,0.025740,0.026460,0.026504,0.024920,0.025752,30,"2797, 13801, 36, 62.20"
1,1,"NVIDIA GeForce RTX 5060",120,30,pts-80k,points,80000,0.010000,16384,1160,0.035400,8,65536,A4-rust,update,0.141432,0.142908,0.143632,0.139860,0.141449,30,"2797, 13801, 36, 62.20"
1,1,"NVIDIA GeForce RTX 5060",120,30,pts-80k,points,80000,0.010000,16384,1160,0.035400,8,65536,A5-triton,allocate,0.305984,0.312388,0.312940,0.300688,0.306709,30,"2797, 13801, 36, 62.20"
1,1,"NVIDIA GeForce RTX 5060",120,30,pts-80k,points,80000,0.010000,16384,1160,0.035400,8,65536,A5-triton,update,0.190704,0.191828,0.192820,0.189064,0.190691,30,"2797, 13801, 36, 62.20"
1,1,"NVIDIA GeForce RTX 5060",120,30,pts-720k,points,720000,0.010000,16384,1160,0.035400,8,65536,A3-cuda,allocate,0.101860,0.102924,0.103032,0.101032,0.101890,30,"2797, 13801, 41, 80.86"
1,1,"NVIDIA GeForce RTX 5060",120,30,pts-720k,points,720000,0.010000,16384,1160,0.035400,8,65536,A3-cuda,update,0.960892,0.965880,0.968396,0.953436,0.960858,30,"2797, 13801, 41, 80.86"
1,1,"NVIDIA GeForce RTX 5060",120,30,pts-720k,points,720000,0.010000,16384,1160,0.035400,8,65536,A4-rust,allocate,0.115604,0.116620,0.117176,0.114272,0.115546,30,"2797, 13801, 41, 80.86"
1,1,"NVIDIA GeForce RTX 5060",120,30,pts-720k,points,720000,0.010000,16384,1160,0.035400,8,65536,A4-rust,update,0.978528,0.984940,0.984988,0.970640,0.979034,30,"2797, 13801, 41, 80.86"
1,1,"NVIDIA GeForce RTX 5060",120,30,pts-720k,points,720000,0.010000,16384,1160,0.035400,8,65536,A5-triton,allocate,2.141960,2.144032,2.144300,2.137940,2.141394,30,"2797, 13801, 41, 80.86"
1,1,"NVIDIA GeForce RTX 5060",120,30,pts-720k,points,720000,0.010000,16384,1160,0.035400,8,65536,A5-triton,update,1.140752,1.145116,1.147160,1.136612,1.140867,30,"2797, 13801, 41, 80.86"
1,1,"NVIDIA GeForce RTX 5060",120,30,pts-1280k,points,1280000,0.010000,16384,1160,0.035400,8,65536,A3-cuda,allocate,0.166716,0.168048,0.168456,0.166132,0.166910,30,"2797, 13801, 42, 85.19"
1,1,"NVIDIA GeForce RTX 5060",120,30,pts-1280k,points,1280000,0.010000,16384,1160,0.035400,8,65536,A3-cuda,update,1.538032,1.547172,1.547352,1.530248,1.538002,30,"2797, 13801, 42, 85.19"
1,1,"NVIDIA GeForce RTX 5060",120,30,pts-1280k,points,1280000,0.010000,16384,1160,0.035400,8,65536,A4-rust,allocate,0.185256,0.186596,0.186880,0.183320,0.185132,30,"2797, 13801, 42, 85.19"
1,1,"NVIDIA GeForce RTX 5060",120,30,pts-1280k,points,1280000,0.010000,16384,1160,0.035400,8,65536,A4-rust,update,1.543288,1.549940,1.553280,1.530016,1.542436,30,"2797, 13801, 42, 85.19"
1,1,"NVIDIA GeForce RTX 5060",120,30,pts-1280k,points,1280000,0.010000,16384,1160,0.035400,8,65536,A5-triton,allocate,3.832360,3.836684,3.839968,3.826460,3.831795,30,"2797, 13801, 42, 85.19"
1,1,"NVIDIA GeForce RTX 5060",120,30,pts-1280k,points,1280000,0.010000,16384,1160,0.035400,8,65536,A5-triton,update,1.847220,1.850256,1.851312,1.842752,1.847303,30,"2797, 13801, 42, 85.19"
1,1,"NVIDIA GeForce RTX 5060",120,30,r-0.25,extent,320000,0.010000,16384,280,0.008545,8,65536,A3-cuda,allocate,0.044176,0.044920,0.044964,0.043468,0.044238,30,"2797, 13801, 41, 74.15"
1,1,"NVIDIA GeForce RTX 5060",120,30,r-0.25,extent,320000,0.010000,16384,280,0.008545,8,65536,A3-cuda,update,0.412412,0.415484,0.416740,0.407672,0.412303,30,"2797, 13801, 41, 74.15"
1,1,"NVIDIA GeForce RTX 5060",120,30,r-0.25,extent,320000,0.010000,16384,280,0.008545,8,65536,A4-rust,allocate,0.057388,0.058120,0.059380,0.056544,0.057426,30,"2797, 13801, 41, 74.15"
1,1,"NVIDIA GeForce RTX 5060",120,30,r-0.25,extent,320000,0.010000,16384,280,0.008545,8,65536,A4-rust,update,0.437396,0.442284,0.443780,0.432268,0.437407,30,"2797, 13801, 41, 74.15"
1,1,"NVIDIA GeForce RTX 5060",120,30,r-0.25,extent,320000,0.010000,16384,280,0.008545,8,65536,A5-triton,allocate,0.963664,0.965960,0.966728,0.961616,0.963897,30,"2797, 13801, 41, 74.15"
1,1,"NVIDIA GeForce RTX 5060",120,30,r-0.25,extent,320000,0.010000,16384,280,0.008545,8,65536,A5-triton,update,0.506276,0.510124,0.510128,0.503444,0.506627,30,"2797, 13801, 41, 74.15"
1,1,"NVIDIA GeForce RTX 5060",120,30,r-1.0,extent,320000,0.010000,65536,4752,0.036255,8,65536,A3-cuda,allocate,0.061652,0.061972,0.062044,0.060724,0.061470,30,"2805, 13801, 40, 69.88"
1,1,"NVIDIA GeForce RTX 5060",120,30,r-1.0,extent,320000,0.010000,65536,4752,0.036255,8,65536,A3-cuda,update,0.522564,0.523248,0.524240,0.519916,0.522181,30,"2805, 13801, 40, 69.88"
1,1,"NVIDIA GeForce RTX 5060",120,30,r-1.0,extent,320000,0.010000,65536,4752,0.036255,8,65536,A4-rust,allocate,0.069060,0.069408,0.069616,0.068696,0.069035,30,"2805, 13801, 40, 69.88"
1,1,"NVIDIA GeForce RTX 5060",120,30,r-1.0,extent,320000,0.010000,65536,4752,0.036255,8,65536,A4-rust,update,0.531628,0.535100,0.535304,0.529424,0.532249,30,"2805, 13801, 40, 69.88"
1,1,"NVIDIA GeForce RTX 5060",120,30,r-1.0,extent,320000,0.010000,65536,4752,0.036255,8,65536,A5-triton,allocate,0.964232,0.965856,0.966248,0.961440,0.963915,30,"2805, 13801, 40, 69.88"
1,1,"NVIDIA GeForce RTX 5060",120,30,r-1.0,extent,320000,0.010000,65536,4752,0.036255,8,65536,A5-triton,update,0.651076,0.652664,0.652844,0.649284,0.651064,30,"2805, 13801, 40, 69.88"
1,1,"NVIDIA GeForce RTX 5060",120,30,r-2.0,extent,320000,0.010000,131072,18160,0.069275,4,65536,A3-cuda,allocate,0.087672,0.090928,0.091000,0.086400,0.087982,30,"2805, 13801, 40, 67.23"
1,1,"NVIDIA GeForce RTX 5060",120,30,r-2.0,extent,320000,0.010000,131072,18160,0.069275,4,65536,A3-cuda,update,1.179368,1.185112,1.185344,1.173392,1.179351,30,"2805, 13801, 40, 67.23"
1,1,"NVIDIA GeForce RTX 5060",120,30,r-2.0,extent,320000,0.010000,131072,18160,0.069275,4,65536,A4-rust,allocate,0.089488,0.092304,0.093176,0.088176,0.089840,30,"2805, 13801, 40, 67.23"
1,1,"NVIDIA GeForce RTX 5060",120,30,r-2.0,extent,320000,0.010000,131072,18160,0.069275,4,65536,A4-rust,update,1.156280,1.159264,1.159736,1.150856,1.156015,30,"2805, 13801, 40, 67.23"
1,1,"NVIDIA GeForce RTX 5060",120,30,r-2.0,extent,320000,0.010000,131072,18160,0.069275,4,65536,A5-triton,allocate,0.979416,0.981248,0.982392,0.976296,0.979120,30,"2805, 13801, 40, 67.23"
1,1,"NVIDIA GeForce RTX 5060",120,30,r-2.0,extent,320000,0.010000,131072,18160,0.069275,4,65536,A5-triton,update,1.698688,1.702472,1.703576,1.694232,1.698473,30,"2805, 13801, 40, 67.23"
1,1,"NVIDIA GeForce RTX 5060",120,30,lf-sparse,loadfactor,320000,0.010000,18560,1160,0.017700,8,65536,A3-cuda,allocate,0.050108,0.051084,0.051092,0.049512,0.050231,30,"2797, 13801, 43, 69.13"
1,1,"NVIDIA GeForce RTX 5060",120,30,lf-sparse,loadfactor,320000,0.010000,18560,1160,0.017700,8,65536,A3-cuda,update,0.458088,0.459772,0.459792,0.455000,0.457795,30,"2797, 13801, 43, 69.13"
1,1,"NVIDIA GeForce RTX 5060",120,30,lf-sparse,loadfactor,320000,0.010000,18560,1160,0.017700,8,65536,A4-rust,allocate,0.058936,0.059388,0.059404,0.058416,0.058928,30,"2797, 13801, 43, 69.13"
1,1,"NVIDIA GeForce RTX 5060",120,30,lf-sparse,loadfactor,320000,0.010000,18560,1160,0.017700,8,65536,A4-rust,update,0.475784,0.479820,0.480172,0.472480,0.476192,30,"2797, 13801, 43, 69.13"
1,1,"NVIDIA GeForce RTX 5060",120,30,lf-sparse,loadfactor,320000,0.010000,18560,1160,0.017700,8,65536,A5-triton,allocate,0.960924,0.963044,0.964024,0.958716,0.960923,30,"2797, 13801, 43, 69.13"
1,1,"NVIDIA GeForce RTX 5060",120,30,lf-sparse,loadfactor,320000,0.010000,18560,1160,0.017700,8,65536,A5-triton,update,0.561176,0.564032,0.564360,0.557764,0.561181,30,"2797, 13801, 43, 69.13"
1,1,"NVIDIA GeForce RTX 5060",120,30,plane-320k,shape,320356,0.010000,16384,1060,0.032349,8,65536,A3-cuda,allocate,0.053144,0.053640,0.054012,0.052704,0.053121,30,"2790, 13801, 43, 74.44"
1,1,"NVIDIA GeForce RTX 5060",120,30,plane-320k,shape,320356,0.010000,16384,1060,0.032349,8,65536,A3-cuda,update,0.616928,0.619996,0.620968,0.613336,0.617331,30,"2790, 13801, 43, 74.44"
1,1,"NVIDIA GeForce RTX 5060",120,30,plane-320k,shape,320356,0.010000,16384,1060,0.032349,8,65536,A4-rust,allocate,0.058464,0.058880,0.059356,0.057964,0.058469,30,"2790, 13801, 43, 74.44"
1,1,"NVIDIA GeForce RTX 5060",120,30,plane-320k,shape,320356,0.010000,16384,1060,0.032349,8,65536,A4-rust,update,0.624424,0.626728,0.628020,0.621592,0.624567,30,"2790, 13801, 43, 74.44"
1,1,"NVIDIA GeForce RTX 5060",120,30,plane-320k,shape,320356,0.010000,16384,1060,0.032349,8,65536,A5-triton,allocate,0.961592,0.963348,0.963432,0.959904,0.961562,30,"2790, 13801, 43, 74.44"
1,1,"NVIDIA GeForce RTX 5060",120,30,plane-320k,shape,320356,0.010000,16384,1060,0.032349,8,65536,A5-triton,update,0.696888,0.699008,0.699140,0.694600,0.696760,30,"2790, 13801, 43, 74.44"
1,1,"NVIDIA GeForce RTX 5060",120,30,tartan-cold,real,407444,0.010000,65536,10245,0.078163,8,65536,A3-cuda,allocate,0.070948,0.071644,0.071684,0.070372,0.070915,30,"2790, 13801, 43, 73.17"
1,1,"NVIDIA GeForce RTX 5060",120,30,tartan-cold,real,407444,0.010000,65536,10245,0.078163,8,65536,A3-cuda,update,0.832928,0.834556,0.834808,0.829796,0.832268,30,"2790, 13801, 43, 73.17"
1,1,"NVIDIA GeForce RTX 5060",120,30,tartan-cold,real,407444,0.010000,65536,10245,0.078163,8,65536,A4-rust,allocate,0.080356,0.080820,0.080996,0.079500,0.080337,30,"2790, 13801, 43, 73.17"
1,1,"NVIDIA GeForce RTX 5060",120,30,tartan-cold,real,407444,0.010000,65536,10245,0.078163,8,65536,A4-rust,update,0.834188,0.837256,0.837528,0.830352,0.833987,30,"2790, 13801, 43, 73.17"
1,1,"NVIDIA GeForce RTX 5060",120,30,tartan-cold,real,407444,0.010000,65536,10245,0.078163,8,65536,A5-triton,allocate,1.220596,1.221804,1.222428,1.218132,1.220390,30,"2790, 13801, 43, 73.17"
1,1,"NVIDIA GeForce RTX 5060",120,30,tartan-cold,real,407444,0.010000,65536,10245,0.078163,8,65536,A5-triton,update,1.106948,1.111576,1.113160,1.103608,1.107111,30,"2790, 13801, 43, 73.17"
1,1,"NVIDIA GeForce RTX 5060",120,30,tartan-warm,real,407444,0.010000,65536,14332,0.109344,8,65536,A3-cuda,allocate,0.051392,0.052224,0.052724,0.051204,0.051518,30,"2790, 13801, 48, 90.31"
1,1,"NVIDIA GeForce RTX 5060",120,30,tartan-warm,real,407444,0.010000,65536,14332,0.109344,8,65536,A3-cuda,update,0.710088,0.711676,0.711904,0.705780,0.709793,30,"2790, 13801, 48, 90.31"
1,1,"NVIDIA GeForce RTX 5060",120,30,tartan-warm,real,407444,0.010000,65536,14332,0.109344,8,65536,A4-rust,allocate,0.058032,0.058680,0.058752,0.057652,0.058053,30,"2790, 13801, 48, 90.31"
1,1,"NVIDIA GeForce RTX 5060",120,30,tartan-warm,real,407444,0.010000,65536,14332,0.109344,8,65536,A4-rust,update,0.709872,0.711876,0.711900,0.706332,0.709507,30,"2790, 13801, 48, 90.31"
1,1,"NVIDIA GeForce RTX 5060",120,30,tartan-warm,real,407444,0.010000,65536,14332,0.109344,8,65536,A5-triton,allocate,1.220124,1.222112,1.222172,1.218000,1.220203,30,"2790, 13801, 48, 90.31"
1,1,"NVIDIA GeForce RTX 5060",120,30,tartan-warm,real,407444,0.010000,65536,14332,0.109344,8,65536,A5-triton,update,1.005648,1.009828,1.011312,1.000096,1.005523,30,"2790, 13801, 48, 90.31"
1,1,"NVIDIA GeForce RTX 5060",120,30,tartan-p001,real,374692,0.010000,65536,5582,0.042587,8,65536,A3-cuda,allocate,0.043456,0.043860,0.045132,0.043036,0.043498,30,"2790, 13801, 50, 91.21"
1,1,"NVIDIA GeForce RTX 5060",120,30,tartan-p001,real,374692,0.010000,65536,5582,0.042587,8,65536,A3-cuda,update,0.376784,0.378228,0.378236,0.375148,0.376652,30,"2790, 13801, 50, 91.21"
1,1,"NVIDIA GeForce RTX 5060",120,30,tartan-p001,real,374692,0.010000,65536,5582,0.042587,8,65536,A4-rust,allocate,0.051756,0.052264,0.052484,0.051504,0.051830,30,"2790, 13801, 50, 91.21"
1,1,"NVIDIA GeForce RTX 5060",120,30,tartan-p001,real,374692,0.010000,65536,5582,0.042587,8,65536,A4-rust,update,0.383276,0.385440,0.386192,0.381532,0.383383,30,"2790, 13801, 50, 91.21"
1,1,"NVIDIA GeForce RTX 5060",120,30,tartan-p001,real,374692,0.010000,65536,5582,0.042587,8,65536,A5-triton,allocate,1.132860,1.135872,1.136244,1.129760,1.133046,30,"2790, 13801, 50, 91.21"
1,1,"NVIDIA GeForce RTX 5060",120,30,tartan-p001,real,374692,0.010000,65536,5582,0.042587,8,65536,A5-triton,update,0.535376,0.537116,0.539648,0.534332,0.535704,30,"2790, 13801, 50, 91.21"
1,1,"NVIDIA GeForce RTX 5060",120,30,tartan-p003,real,405269,0.010000,65536,14945,0.114021,8,65536,A3-cuda,allocate,0.051152,0.053816,0.054064,0.050508,0.051518,30,"2782, 13801, 54, 94.16"
1,1,"NVIDIA GeForce RTX 5060",120,30,tartan-p003,real,405269,0.010000,65536,14945,0.114021,8,65536,A3-cuda,update,0.805180,0.806792,0.807132,0.802616,0.805048,30,"2782, 13801, 54, 94.16"
1,1,"NVIDIA GeForce RTX 5060",120,30,tartan-p003,real,405269,0.010000,65536,14945,0.114021,8,65536,A4-rust,allocate,0.058480,0.061004,0.061704,0.057868,0.058759,30,"2782, 13801, 54, 94.16"
1,1,"NVIDIA GeForce RTX 5060",120,30,tartan-p003,real,405269,0.010000,65536,14945,0.114021,8,65536,A4-rust,update,0.808164,0.810732,0.810748,0.806004,0.808200,30,"2782, 13801, 54, 94.16"
1,1,"NVIDIA GeForce RTX 5060",120,30,tartan-p003,real,405269,0.010000,65536,14945,0.114021,8,65536,A5-triton,allocate,1.217128,1.218972,1.219020,1.213732,1.217002,30,"2782, 13801, 54, 94.16"
1,1,"NVIDIA GeForce RTX 5060",120,30,tartan-p003,real,405269,0.010000,65536,14945,0.114021,8,65536,A5-triton,update,1.052552,1.055692,1.055928,1.049504,1.052690,30,"2782, 13801, 54, 94.16"
1,1,"NVIDIA GeForce RTX 5060",120,30,tartan-p004,real,400248,0.010000,65536,8663,0.066093,8,65536,A3-cuda,allocate,0.049564,0.049828,0.049852,0.048564,0.049305,30,"2782, 13801, 54, 94.16"
1,1,"NVIDIA GeForce RTX 5060",120,30,tartan-p004,real,400248,0.010000,65536,8663,0.066093,8,65536,A3-cuda,update,0.665672,0.667292,0.667504,0.664092,0.665694,30,"2782, 13801, 54, 94.16"
1,1,"NVIDIA GeForce RTX 5060",120,30,tartan-p004,real,400248,0.010000,65536,8663,0.066093,8,65536,A4-rust,allocate,0.056904,0.057532,0.057620,0.056192,0.056881,30,"2782, 13801, 54, 94.16"
1,1,"NVIDIA GeForce RTX 5060",120,30,tartan-p004,real,400248,0.010000,65536,8663,0.066093,8,65536,A4-rust,update,0.666392,0.668412,0.669200,0.663816,0.666456,30,"2782, 13801, 54, 94.16"
1,1,"NVIDIA GeForce RTX 5060",120,30,tartan-p004,real,400248,0.010000,65536,8663,0.066093,8,65536,A5-triton,allocate,1.201504,1.203376,1.204660,1.199336,1.201341,30,"2782, 13801, 54, 94.16"
1,1,"NVIDIA GeForce RTX 5060",120,30,tartan-p004,real,400248,0.010000,65536,8663,0.066093,8,65536,A5-triton,update,0.800404,0.801928,0.802896,0.799060,0.800416,30,"2782, 13801, 54, 94.16"
1,1,"NVIDIA GeForce RTX 5060",120,30,tartan-p005,real,401678,0.010000,65536,14219,0.108482,8,65536,A3-cuda,allocate,0.057660,0.058400,0.058560,0.057404,0.057723,30,"2782, 13801, 56, 92.63"
1,1,"NVIDIA GeForce RTX 5060",120,30,tartan-p005,real,401678,0.010000,65536,14219,0.108482,8,65536,A3-cuda,update,0.909668,0.912856,0.914368,0.906420,0.909363,30,"2782, 13801, 56, 92.63"
1,1,"NVIDIA GeForce RTX 5060",120,30,tartan-p005,real,401678,0.010000,65536,14219,0.108482,8,65536,A4-rust,allocate,0.067588,0.067868,0.068028,0.066736,0.067546,30,"2782, 13801, 56, 92.63"
1,1,"NVIDIA GeForce RTX 5060",120,30,tartan-p005,real,401678,0.010000,65536,14219,0.108482,8,65536,A4-rust,update,0.905392,0.908616,0.909412,0.901764,0.905208,30,"2782, 13801, 56, 92.63"
1,1,"NVIDIA GeForce RTX 5060",120,30,tartan-p005,real,401678,0.010000,65536,14219,0.108482,8,65536,A5-triton,allocate,1.211364,1.213600,1.214220,1.208820,1.211321,30,"2782, 13801, 56, 92.63"
1,1,"NVIDIA GeForce RTX 5060",120,30,tartan-p005,real,401678,0.010000,65536,14219,0.108482,8,65536,A5-triton,update,1.268792,1.274672,1.276208,1.263168,1.269367,30,"2782, 13801, 56, 92.63"
1,1,"NVIDIA GeForce RTX 5060",120,30,diner-p000,real,393624,0.010000,65536,12266,0.093582,8,65536,A3-cuda,allocate,0.053076,0.053872,0.054780,0.052828,0.053205,30,"2782, 13801, 58, 94.84"
1,1,"NVIDIA GeForce RTX 5060",120,30,diner-p000,real,393624,0.010000,65536,12266,0.093582,8,65536,A3-cuda,update,0.725820,0.728796,0.731636,0.723912,0.726356,30,"2782, 13801, 58, 94.84"
1,1,"NVIDIA GeForce RTX 5060",120,30,diner-p000,real,393624,0.010000,65536,12266,0.093582,8,65536,A4-rust,allocate,0.063780,0.064280,0.064312,0.063368,0.063769,30,"2782, 13801, 58, 94.84"
1,1,"NVIDIA GeForce RTX 5060",120,30,diner-p000,real,393624,0.010000,65536,12266,0.093582,8,65536,A4-rust,update,0.731780,0.733404,0.734380,0.730296,0.731828,30,"2782, 13801, 58, 94.84"
1,1,"NVIDIA GeForce RTX 5060",120,30,diner-p000,real,393624,0.010000,65536,12266,0.093582,8,65536,A5-triton,allocate,1.186180,1.187988,1.188340,1.183584,1.186056,30,"2782, 13801, 58, 94.84"
1,1,"NVIDIA GeForce RTX 5060",120,30,diner-p000,real,393624,0.010000,65536,12266,0.093582,8,65536,A5-triton,update,0.914540,0.917416,0.917472,0.910008,0.914611,30,"2782, 13801, 58, 94.84"
1,1,"NVIDIA GeForce RTX 5060",120,30,diner-p002,real,409600,0.010000,65536,2769,0.021126,8,65536,A3-cuda,allocate,0.048044,0.048268,0.048272,0.047516,0.048010,30,"2782, 13801, 60, 94.26"
1,1,"NVIDIA GeForce RTX 5060",120,30,diner-p002,real,409600,0.010000,65536,2769,0.021126,8,65536,A3-cuda,update,0.230816,0.232020,0.232556,0.229364,0.230479,30,"2782, 13801, 60, 94.26"
1,1,"NVIDIA GeForce RTX 5060",120,30,diner-p002,real,409600,0.010000,65536,2769,0.021126,8,65536,A4-rust,allocate,0.057936,0.058096,0.058124,0.057648,0.057932,30,"2782, 13801, 60, 94.26"
1,1,"NVIDIA GeForce RTX 5060",120,30,diner-p002,real,409600,0.010000,65536,2769,0.021126,8,65536,A4-rust,update,0.239104,0.240560,0.240636,0.237344,0.238896,30,"2782, 13801, 60, 94.26"
1,1,"NVIDIA GeForce RTX 5060",120,30,diner-p002,real,409600,0.010000,65536,2769,0.021126,8,65536,A5-triton,allocate,1.225432,1.227808,1.227892,1.223968,1.225596,30,"2782, 13801, 60, 94.26"
1,1,"NVIDIA GeForce RTX 5060",120,30,diner-p002,real,409600,0.010000,65536,2769,0.021126,8,65536,A5-triton,update,0.390872,0.392132,0.392592,0.389332,0.390804,30,"2782, 13801, 60, 94.26"
1,1,"NVIDIA GeForce RTX 5060",120,30,diner-p003,real,409600,0.010000,65536,15285,0.116615,8,65536,A3-cuda,allocate,0.051172,0.051464,0.051728,0.051004,0.051188,30,"2782, 13801, 59, 95.23"
1,1,"NVIDIA GeForce RTX 5060",120,30,diner-p003,real,409600,0.010000,65536,15285,0.116615,8,65536,A3-cuda,update,0.850416,0.854484,0.854512,0.845276,0.850812,30,"2782, 13801, 59, 95.23"
1,1,"NVIDIA GeForce RTX 5060",120,30,diner-p003,real,409600,0.010000,65536,15285,0.116615,8,65536,A4-rust,allocate,0.059960,0.060272,0.060388,0.059504,0.059960,30,"2782, 13801, 59, 95.23"
1,1,"NVIDIA GeForce RTX 5060",120,30,diner-p003,real,409600,0.010000,65536,15285,0.116615,8,65536,A4-rust,update,0.839828,0.842068,0.842136,0.837260,0.839880,30,"2782, 13801, 59, 95.23"
1,1,"NVIDIA GeForce RTX 5060",120,30,diner-p003,real,409600,0.010000,65536,15285,0.116615,8,65536,A5-triton,allocate,1.229676,1.231744,1.231896,1.226852,1.229692,30,"2782, 13801, 59, 95.23"
1,1,"NVIDIA GeForce RTX 5060",120,30,diner-p003,real,409600,0.010000,65536,15285,0.116615,8,65536,A5-triton,update,1.282108,1.285680,1.286524,1.277464,1.282105,30,"2782, 13801, 59, 95.23"
1,1,"NVIDIA GeForce RTX 5060",120,30,diner-p000-cold,coldwarm,393624,0.010000,65536,9321,0.071114,8,65536,A3-cuda,allocate,0.065532,0.066324,0.066412,0.065252,0.065607,30,"2782, 13801, 58, 77.27"
1,1,"NVIDIA GeForce RTX 5060",120,30,diner-p000-cold,coldwarm,393624,0.010000,65536,9321,0.071114,8,65536,A3-cuda,update,0.794572,0.796248,0.796624,0.791408,0.794454,30,"2782, 13801, 58, 77.27"
1,1,"NVIDIA GeForce RTX 5060",120,30,diner-p000-cold,coldwarm,393624,0.010000,65536,9321,0.071114,8,65536,A4-rust,allocate,0.076072,0.076812,0.076884,0.075412,0.076122,30,"2782, 13801, 58, 77.27"
1,1,"NVIDIA GeForce RTX 5060",120,30,diner-p000-cold,coldwarm,393624,0.010000,65536,9321,0.071114,8,65536,A4-rust,update,0.797324,0.799596,0.801420,0.794276,0.797232,30,"2782, 13801, 58, 77.27"
1,1,"NVIDIA GeForce RTX 5060",120,30,diner-p000-cold,coldwarm,393624,0.010000,65536,9321,0.071114,8,65536,A5-triton,allocate,1.186960,1.188452,1.188908,1.185440,1.186992,30,"2782, 13801, 58, 77.27"
1,1,"NVIDIA GeForce RTX 5060",120,30,diner-p000-cold,coldwarm,393624,0.010000,65536,9321,0.071114,8,65536,A5-triton,update,1.041148,1.044684,1.047160,1.038944,1.041470,30,"2782, 13801, 58, 77.27"
1,1,"NVIDIA GeForce RTX 5060",120,30,diner-p003-cold,coldwarm,409600,0.010000,65536,12550,0.095749,8,65536,A3-cuda,allocate,0.074280,0.074828,0.075176,0.073928,0.074327,30,"2782, 13801, 56, 77.50"
1,1,"NVIDIA GeForce RTX 5060",120,30,diner-p003-cold,coldwarm,409600,0.010000,65536,12550,0.095749,8,65536,A3-cuda,update,0.981968,0.987912,0.988008,0.978792,0.982119,30,"2782, 13801, 56, 77.50"
1,1,"NVIDIA GeForce RTX 5060",120,30,diner-p003-cold,coldwarm,409600,0.010000,65536,12550,0.095749,8,65536,A4-rust,allocate,0.085460,0.085988,0.086052,0.084860,0.085424,30,"2782, 13801, 56, 77.50"
1,1,"NVIDIA GeForce RTX 5060",120,30,diner-p003-cold,coldwarm,409600,0.010000,65536,12550,0.095749,8,65536,A4-rust,update,0.978280,0.981124,0.981148,0.974440,0.978120,30,"2782, 13801, 56, 77.50"
1,1,"NVIDIA GeForce RTX 5060",120,30,diner-p003-cold,coldwarm,409600,0.010000,65536,12550,0.095749,8,65536,A5-triton,allocate,1.235616,1.237140,1.237584,1.233752,1.235465,30,"2782, 13801, 56, 77.50"
1,1,"NVIDIA GeForce RTX 5060",120,30,diner-p003-cold,coldwarm,409600,0.010000,65536,12550,0.095749,8,65536,A5-triton,update,1.460664,1.463752,1.465776,1.455604,1.460133,30,"2782, 13801, 56, 77.50"
1,1,"NVIDIA GeForce RTX 5060",120,30,tartan-p003-cold,coldwarm,405269,0.010000,65536,10070,0.076828,8,65536,A3-cuda,allocate,0.073964,0.074532,0.075124,0.073156,0.073938,30,"2782, 13801, 57, 77.95"
1,1,"NVIDIA GeForce RTX 5060",120,30,tartan-p003-cold,coldwarm,405269,0.010000,65536,10070,0.076828,8,65536,A3-cuda,update,0.846712,0.848520,0.849836,0.844024,0.846491,30,"2782, 13801, 57, 77.95"
1,1,"NVIDIA GeForce RTX 5060",120,30,tartan-p003-cold,coldwarm,405269,0.010000,65536,10070,0.076828,8,65536,A4-rust,allocate,0.083748,0.084424,0.084468,0.083140,0.083785,30,"2782, 13801, 57, 77.95"
1,1,"NVIDIA GeForce RTX 5060",120,30,tartan-p003-cold,coldwarm,405269,0.010000,65536,10070,0.076828,8,65536,A4-rust,update,0.848204,0.850336,0.850584,0.844684,0.848003,30,"2782, 13801, 57, 77.95"
1,1,"NVIDIA GeForce RTX 5060",120,30,tartan-p003-cold,coldwarm,405269,0.010000,65536,10070,0.076828,8,65536,A5-triton,allocate,1.221396,1.223720,1.225464,1.219388,1.221646,30,"2782, 13801, 57, 77.95"
1,1,"NVIDIA GeForce RTX 5060",120,30,tartan-p003-cold,coldwarm,405269,0.010000,65536,10070,0.076828,8,65536,A5-triton,update,1.058240,1.060652,1.060672,1.055068,1.058100,30,"2782, 13801, 57, 77.95"
1,1,"NVIDIA GeForce RTX 5060",120,30,tartan-p001-cold,coldwarm,374692,0.010000,65536,4478,0.034164,8,65536,A3-cuda,allocate,0.057464,0.057892,0.058056,0.057212,0.057489,30,"2782, 13801, 56, 76.11"
1,1,"NVIDIA GeForce RTX 5060",120,30,tartan-p001-cold,coldwarm,374692,0.010000,65536,4478,0.034164,8,65536,A3-cuda,update,0.593460,0.596460,0.596976,0.591708,0.593879,30,"2782, 13801, 56, 76.11"
1,1,"NVIDIA GeForce RTX 5060",120,30,tartan-p001-cold,coldwarm,374692,0.010000,65536,4478,0.034164,8,65536,A4-rust,allocate,0.068500,0.068932,0.069316,0.068204,0.068531,30,"2782, 13801, 56, 76.11"
1,1,"NVIDIA GeForce RTX 5060",120,30,tartan-p001-cold,coldwarm,374692,0.010000,65536,4478,0.034164,8,65536,A4-rust,update,0.601332,0.604404,0.605204,0.599552,0.601237,30,"2782, 13801, 56, 76.11"
1,1,"NVIDIA GeForce RTX 5060",120,30,tartan-p001-cold,coldwarm,374692,0.010000,65536,4478,0.034164,8,65536,A5-triton,allocate,1.138480,1.141612,1.143636,1.135192,1.138501,30,"2782, 13801, 56, 76.11"
1,1,"NVIDIA GeForce RTX 5060",120,30,tartan-p001-cold,coldwarm,374692,0.010000,65536,4478,0.034164,8,65536,A5-triton,update,0.703504,0.705060,0.705092,0.701480,0.703467,30,"2782, 13801, 56, 76.11"
2,0,"NVIDIA GeForce RTX 5070 Ti",120,70,base,baseline,320000,0.010000,16384,1160,0.035400,8,65536,A3-cuda,allocate,0.027984,0.028452,0.028452,0.027620,0.028002,30,"2827, 13801, 45, 88.77"
2,0,"NVIDIA GeForce RTX 5070 Ti",120,70,base,baseline,320000,0.010000,16384,1160,0.035400,8,65536,A3-cuda,update,0.250248,0.252348,0.252576,0.247944,0.250193,30,"2827, 13801, 45, 88.77"
2,0,"NVIDIA GeForce RTX 5070 Ti",120,70,base,baseline,320000,0.010000,16384,1160,0.035400,8,65536,A4-rust,allocate,0.036660,0.037580,0.037736,0.036056,0.036701,30,"2827, 13801, 45, 88.77"
2,0,"NVIDIA GeForce RTX 5070 Ti",120,70,base,baseline,320000,0.010000,16384,1160,0.035400,8,65536,A4-rust,update,0.271140,0.273400,0.273404,0.268368,0.271094,30,"2827, 13801, 45, 88.77"
2,0,"NVIDIA GeForce RTX 5070 Ti",120,70,base,baseline,320000,0.010000,16384,1160,0.035400,8,65536,A5-triton,allocate,0.500604,0.502680,0.502700,0.497460,0.500535,30,"2827, 13801, 45, 88.77"
2,0,"NVIDIA GeForce RTX 5070 Ti",120,70,base,baseline,320000,0.010000,16384,1160,0.035400,8,65536,A5-triton,update,0.326880,0.330232,0.330340,0.324036,0.327221,30,"2827, 13801, 45, 88.77"
2,0,"NVIDIA GeForce RTX 5070 Ti",120,70,pts-20k,points,20000,0.010000,16384,1104,0.033691,8,65536,A3-cuda,allocate,0.005028,0.005216,0.005232,0.004736,0.005005,30,"2827, 13801, 44, 142.31"
2,0,"NVIDIA GeForce RTX 5070 Ti",120,70,pts-20k,points,20000,0.010000,16384,1104,0.033691,8,65536,A3-cuda,update,0.034888,0.035816,0.035900,0.034372,0.034917,30,"2827, 13801, 44, 142.31"
2,0,"NVIDIA GeForce RTX 5070 Ti",120,70,pts-20k,points,20000,0.010000,16384,1104,0.033691,8,65536,A4-rust,allocate,0.016612,0.016916,0.016988,0.016332,0.016625,30,"2827, 13801, 44, 142.31"
2,0,"NVIDIA GeForce RTX 5070 Ti",120,70,pts-20k,points,20000,0.010000,16384,1104,0.033691,8,65536,A4-rust,update,0.040964,0.041948,0.042244,0.040184,0.041033,30,"2827, 13801, 44, 142.31"
2,0,"NVIDIA GeForce RTX 5070 Ti",120,70,pts-20k,points,20000,0.010000,16384,1104,0.033691,8,65536,A5-triton,allocate,0.085736,0.086176,0.086220,0.084676,0.085630,30,"2827, 13801, 44, 142.31"
2,0,"NVIDIA GeForce RTX 5070 Ti",120,70,pts-20k,points,20000,0.010000,16384,1104,0.033691,8,65536,A5-triton,update,0.088212,0.088596,0.088728,0.087568,0.088185,30,"2827, 13801, 44, 142.31"
2,0,"NVIDIA GeForce RTX 5070 Ti",120,70,pts-80k,points,80000,0.010000,16384,1160,0.035400,8,65536,A3-cuda,allocate,0.010380,0.011352,0.011360,0.010208,0.010572,30,"2827, 13801, 45, 149.09"
2,0,"NVIDIA GeForce RTX 5070 Ti",120,70,pts-80k,points,80000,0.010000,16384,1160,0.035400,8,65536,A3-cuda,update,0.069820,0.070452,0.070512,0.068736,0.069775,30,"2827, 13801, 45, 149.09"
2,0,"NVIDIA GeForce RTX 5070 Ti",120,70,pts-80k,points,80000,0.010000,16384,1160,0.035400,8,65536,A4-rust,allocate,0.017600,0.018388,0.018412,0.016928,0.017629,30,"2827, 13801, 45, 149.09"
2,0,"NVIDIA GeForce RTX 5070 Ti",120,70,pts-80k,points,80000,0.010000,16384,1160,0.035400,8,65536,A4-rust,update,0.082316,0.083460,0.084496,0.080100,0.082219,30,"2827, 13801, 45, 149.09"
2,0,"NVIDIA GeForce RTX 5070 Ti",120,70,pts-80k,points,80000,0.010000,16384,1160,0.035400,8,65536,A5-triton,allocate,0.149464,0.150024,0.150304,0.148944,0.149451,30,"2827, 13801, 45, 149.09"
2,0,"NVIDIA GeForce RTX 5070 Ti",120,70,pts-80k,points,80000,0.010000,16384,1160,0.035400,8,65536,A5-triton,update,0.118412,0.119032,0.119136,0.116972,0.118215,30,"2827, 13801, 45, 149.09"
2,0,"NVIDIA GeForce RTX 5070 Ti",120,70,pts-720k,points,720000,0.010000,16384,1160,0.035400,8,65536,A3-cuda,allocate,0.051576,0.052564,0.053372,0.050928,0.051696,30,"2827, 13801, 47, 163.48"
2,0,"NVIDIA GeForce RTX 5070 Ti",120,70,pts-720k,points,720000,0.010000,16384,1160,0.035400,8,65536,A3-cuda,update,0.544032,0.547716,0.548092,0.538884,0.543910,30,"2827, 13801, 47, 163.48"
2,0,"NVIDIA GeForce RTX 5070 Ti",120,70,pts-720k,points,720000,0.010000,16384,1160,0.035400,8,65536,A4-rust,allocate,0.062616,0.063208,0.063260,0.061796,0.062647,30,"2827, 13801, 47, 163.48"
2,0,"NVIDIA GeForce RTX 5070 Ti",120,70,pts-720k,points,720000,0.010000,16384,1160,0.035400,8,65536,A4-rust,update,0.565068,0.571484,0.572724,0.560816,0.565428,30,"2827, 13801, 47, 163.48"
2,0,"NVIDIA GeForce RTX 5070 Ti",120,70,pts-720k,points,720000,0.010000,16384,1160,0.035400,8,65536,A5-triton,allocate,1.125152,1.132336,1.135656,1.117180,1.125206,30,"2827, 13801, 47, 163.48"
2,0,"NVIDIA GeForce RTX 5070 Ti",120,70,pts-720k,points,720000,0.010000,16384,1160,0.035400,8,65536,A5-triton,update,0.641096,0.645744,0.645744,0.637420,0.641112,30,"2827, 13801, 47, 163.48"
2,0,"NVIDIA GeForce RTX 5070 Ti",120,70,pts-1280k,points,1280000,0.010000,16384,1160,0.035400,8,65536,A3-cuda,allocate,0.079652,0.080292,0.081540,0.078368,0.079420,30,"2827, 13801, 48, 170.83"
2,0,"NVIDIA GeForce RTX 5070 Ti",120,70,pts-1280k,points,1280000,0.010000,16384,1160,0.035400,8,65536,A3-cuda,update,0.895880,0.900816,0.901980,0.891128,0.896055,30,"2827, 13801, 48, 170.83"
2,0,"NVIDIA GeForce RTX 5070 Ti",120,70,pts-1280k,points,1280000,0.010000,16384,1160,0.035400,8,65536,A4-rust,allocate,0.094932,0.097420,0.097528,0.093228,0.095081,30,"2827, 13801, 48, 170.83"
2,0,"NVIDIA GeForce RTX 5070 Ti",120,70,pts-1280k,points,1280000,0.010000,16384,1160,0.035400,8,65536,A4-rust,update,0.928604,0.932648,0.937984,0.919536,0.927796,30,"2827, 13801, 48, 170.83"
2,0,"NVIDIA GeForce RTX 5070 Ti",120,70,pts-1280k,points,1280000,0.010000,16384,1160,0.035400,8,65536,A5-triton,allocate,1.942388,1.947072,1.948276,1.936964,1.942235,30,"2827, 13801, 48, 170.83"
2,0,"NVIDIA GeForce RTX 5070 Ti",120,70,pts-1280k,points,1280000,0.010000,16384,1160,0.035400,8,65536,A5-triton,update,1.043392,1.046736,1.049336,1.038288,1.043180,30,"2827, 13801, 48, 170.83"
2,0,"NVIDIA GeForce RTX 5070 Ti",120,70,r-0.25,extent,320000,0.010000,16384,280,0.008545,8,65536,A3-cuda,allocate,0.023668,0.024788,0.024944,0.023116,0.023761,30,"2827, 13801, 48, 160.96"
2,0,"NVIDIA GeForce RTX 5070 Ti",120,70,r-0.25,extent,320000,0.010000,16384,280,0.008545,8,65536,A3-cuda,update,0.241752,0.244876,0.246024,0.238880,0.242218,30,"2827, 13801, 48, 160.96"
2,0,"NVIDIA GeForce RTX 5070 Ti",120,70,r-0.25,extent,320000,0.010000,16384,280,0.008545,8,65536,A4-rust,allocate,0.035496,0.036236,0.036324,0.034684,0.035459,30,"2827, 13801, 48, 160.96"
2,0,"NVIDIA GeForce RTX 5070 Ti",120,70,r-0.25,extent,320000,0.010000,16384,280,0.008545,8,65536,A4-rust,update,0.270060,0.274136,0.274940,0.266784,0.270256,30,"2827, 13801, 48, 160.96"
2,0,"NVIDIA GeForce RTX 5070 Ti",120,70,r-0.25,extent,320000,0.010000,16384,280,0.008545,8,65536,A5-triton,allocate,0.501364,0.504228,0.504280,0.497632,0.501388,30,"2827, 13801, 48, 160.96"
2,0,"NVIDIA GeForce RTX 5070 Ti",120,70,r-0.25,extent,320000,0.010000,16384,280,0.008545,8,65536,A5-triton,update,0.306808,0.309496,0.311256,0.303732,0.306787,30,"2827, 13801, 48, 160.96"
2,0,"NVIDIA GeForce RTX 5070 Ti",120,70,r-1.0,extent,320000,0.010000,65536,4752,0.036255,8,65536,A3-cuda,allocate,0.032432,0.032592,0.032612,0.032008,0.032412,30,"2827, 13801, 48, 171.73"
2,0,"NVIDIA GeForce RTX 5070 Ti",120,70,r-1.0,extent,320000,0.010000,65536,4752,0.036255,8,65536,A3-cuda,update,0.278272,0.280320,0.281348,0.274300,0.277757,30,"2827, 13801, 48, 171.73"
2,0,"NVIDIA GeForce RTX 5070 Ti",120,70,r-1.0,extent,320000,0.010000,65536,4752,0.036255,8,65536,A4-rust,allocate,0.041076,0.041580,0.041780,0.040556,0.041087,30,"2827, 13801, 48, 171.73"
2,0,"NVIDIA GeForce RTX 5070 Ti",120,70,r-1.0,extent,320000,0.010000,65536,4752,0.036255,8,65536,A4-rust,update,0.290524,0.292596,0.293416,0.287980,0.290660,30,"2827, 13801, 48, 171.73"
2,0,"NVIDIA GeForce RTX 5070 Ti",120,70,r-1.0,extent,320000,0.010000,65536,4752,0.036255,8,65536,A5-triton,allocate,0.503168,0.505192,0.505384,0.499640,0.503131,30,"2827, 13801, 48, 171.73"
2,0,"NVIDIA GeForce RTX 5070 Ti",120,70,r-1.0,extent,320000,0.010000,65536,4752,0.036255,8,65536,A5-triton,update,0.347496,0.348520,0.350712,0.345460,0.347396,30,"2827, 13801, 48, 171.73"
2,0,"NVIDIA GeForce RTX 5070 Ti",120,70,r-2.0,extent,320000,0.010000,131072,18160,0.069275,8,65536,A3-cuda,allocate,0.044672,0.045112,0.045676,0.044068,0.044642,30,"2827, 13801, 48, 169.43"
2,0,"NVIDIA GeForce RTX 5070 Ti",120,70,r-2.0,extent,320000,0.010000,131072,18160,0.069275,8,65536,A3-cuda,update,0.619404,0.621312,0.621324,0.616448,0.619462,30,"2827, 13801, 48, 169.43"
2,0,"NVIDIA GeForce RTX 5070 Ti",120,70,r-2.0,extent,320000,0.010000,131072,18160,0.069275,8,65536,A4-rust,allocate,0.051904,0.052484,0.053444,0.051284,0.051882,30,"2827, 13801, 48, 169.43"
2,0,"NVIDIA GeForce RTX 5070 Ti",120,70,r-2.0,extent,320000,0.010000,131072,18160,0.069275,8,65536,A4-rust,update,0.595828,0.597380,0.598104,0.594340,0.595893,30,"2827, 13801, 48, 169.43"
2,0,"NVIDIA GeForce RTX 5070 Ti",120,70,r-2.0,extent,320000,0.010000,131072,18160,0.069275,8,65536,A5-triton,allocate,0.507448,0.511696,0.511884,0.504568,0.508014,30,"2827, 13801, 48, 169.43"
2,0,"NVIDIA GeForce RTX 5070 Ti",120,70,r-2.0,extent,320000,0.010000,131072,18160,0.069275,8,65536,A5-triton,update,0.773484,0.777204,0.777468,0.770176,0.773675,30,"2827, 13801, 48, 169.43"
2,0,"NVIDIA GeForce RTX 5070 Ti",120,70,lf-sparse,loadfactor,320000,0.010000,18560,1160,0.017700,8,65536,A3-cuda,allocate,0.028284,0.029496,0.029636,0.027744,0.028498,30,"2827, 13801, 49, 161.97"
2,0,"NVIDIA GeForce RTX 5070 Ti",120,70,lf-sparse,loadfactor,320000,0.010000,18560,1160,0.017700,8,65536,A3-cuda,update,0.255296,0.257172,0.258412,0.252228,0.255227,30,"2827, 13801, 49, 161.97"
2,0,"NVIDIA GeForce RTX 5070 Ti",120,70,lf-sparse,loadfactor,320000,0.010000,18560,1160,0.017700,8,65536,A4-rust,allocate,0.041840,0.042620,0.042732,0.040828,0.041812,30,"2827, 13801, 49, 161.97"
2,0,"NVIDIA GeForce RTX 5070 Ti",120,70,lf-sparse,loadfactor,320000,0.010000,18560,1160,0.017700,8,65536,A4-rust,update,0.275464,0.278752,0.278832,0.272124,0.275502,30,"2827, 13801, 49, 161.97"
2,0,"NVIDIA GeForce RTX 5070 Ti",120,70,lf-sparse,loadfactor,320000,0.010000,18560,1160,0.017700,8,65536,A5-triton,allocate,0.503252,0.506080,0.506544,0.500372,0.503594,30,"2827, 13801, 49, 161.97"
2,0,"NVIDIA GeForce RTX 5070 Ti",120,70,lf-sparse,loadfactor,320000,0.010000,18560,1160,0.017700,8,65536,A5-triton,update,0.332776,0.335832,0.336352,0.329944,0.332686,30,"2827, 13801, 49, 161.97"
2,0,"NVIDIA GeForce RTX 5070 Ti",120,70,plane-320k,shape,320356,0.010000,16384,1060,0.032349,8,65536,A3-cuda,allocate,0.029352,0.029808,0.029848,0.028500,0.029266,30,"2827, 13801, 50, 158.34"
2,0,"NVIDIA GeForce RTX 5070 Ti",120,70,plane-320k,shape,320356,0.010000,16384,1060,0.032349,8,65536,A3-cuda,update,0.333652,0.338176,0.338700,0.331892,0.333760,30,"2827, 13801, 50, 158.34"
2,0,"NVIDIA GeForce RTX 5070 Ti",120,70,plane-320k,shape,320356,0.010000,16384,1060,0.032349,8,65536,A4-rust,allocate,0.035772,0.036460,0.036604,0.035188,0.035794,30,"2827, 13801, 50, 158.34"
2,0,"NVIDIA GeForce RTX 5070 Ti",120,70,plane-320k,shape,320356,0.010000,16384,1060,0.032349,8,65536,A4-rust,update,0.343848,0.346412,0.346644,0.338464,0.343227,30,"2827, 13801, 50, 158.34"
2,0,"NVIDIA GeForce RTX 5070 Ti",120,70,plane-320k,shape,320356,0.010000,16384,1060,0.032349,8,65536,A5-triton,allocate,0.501304,0.503640,0.503688,0.498380,0.501203,30,"2827, 13801, 50, 158.34"
2,0,"NVIDIA GeForce RTX 5070 Ti",120,70,plane-320k,shape,320356,0.010000,16384,1060,0.032349,8,65536,A5-triton,update,0.374144,0.376036,0.376180,0.371572,0.373966,30,"2827, 13801, 50, 158.34"
2,0,"NVIDIA GeForce RTX 5070 Ti",120,70,tartan-cold,real,407444,0.010000,65536,10245,0.078163,8,65536,A3-cuda,allocate,0.037228,0.037668,0.037836,0.036920,0.037252,30,"2827, 13801, 50, 178.96"
2,0,"NVIDIA GeForce RTX 5070 Ti",120,70,tartan-cold,real,407444,0.010000,65536,10245,0.078163,8,65536,A3-cuda,update,0.435192,0.436700,0.436856,0.433516,0.435197,30,"2827, 13801, 50, 178.96"
2,0,"NVIDIA GeForce RTX 5070 Ti",120,70,tartan-cold,real,407444,0.010000,65536,10245,0.078163,8,65536,A4-rust,allocate,0.045832,0.046096,0.046140,0.045360,0.045849,30,"2827, 13801, 50, 178.96"
2,0,"NVIDIA GeForce RTX 5070 Ti",120,70,tartan-cold,real,407444,0.010000,65536,10245,0.078163,8,65536,A4-rust,update,0.440760,0.443348,0.443552,0.437984,0.440780,30,"2827, 13801, 50, 178.96"
2,0,"NVIDIA GeForce RTX 5070 Ti",120,70,tartan-cold,real,407444,0.010000,65536,10245,0.078163,8,65536,A5-triton,allocate,0.662808,0.667416,0.667468,0.660308,0.662896,30,"2827, 13801, 50, 178.96"
2,0,"NVIDIA GeForce RTX 5070 Ti",120,70,tartan-cold,real,407444,0.010000,65536,10245,0.078163,8,65536,A5-triton,update,0.551424,0.553324,0.553328,0.549092,0.551276,30,"2827, 13801, 50, 178.96"
2,0,"NVIDIA GeForce RTX 5070 Ti",120,70,tartan-warm,real,407444,0.010000,65536,14332,0.109344,8,65536,A3-cuda,allocate,0.023236,0.023448,0.023740,0.022776,0.023217,30,"2827, 13801, 52, 195.12"
2,0,"NVIDIA GeForce RTX 5070 Ti",120,70,tartan-warm,real,407444,0.010000,65536,14332,0.109344,8,65536,A3-cuda,update,0.364560,0.366344,0.367540,0.362916,0.364824,30,"2827, 13801, 52, 195.12"
2,0,"NVIDIA GeForce RTX 5070 Ti",120,70,tartan-warm,real,407444,0.010000,65536,14332,0.109344,8,65536,A4-rust,allocate,0.028628,0.028904,0.028932,0.028260,0.028599,30,"2827, 13801, 52, 195.12"
2,0,"NVIDIA GeForce RTX 5070 Ti",120,70,tartan-warm,real,407444,0.010000,65536,14332,0.109344,8,65536,A4-rust,update,0.367352,0.368868,0.369632,0.364532,0.367214,30,"2827, 13801, 52, 195.12"
2,0,"NVIDIA GeForce RTX 5070 Ti",120,70,tartan-warm,real,407444,0.010000,65536,14332,0.109344,8,65536,A5-triton,allocate,0.661532,0.664424,0.666420,0.657880,0.661509,30,"2827, 13801, 52, 195.12"
2,0,"NVIDIA GeForce RTX 5070 Ti",120,70,tartan-warm,real,407444,0.010000,65536,14332,0.109344,8,65536,A5-triton,update,0.471272,0.474856,0.474864,0.468704,0.471454,30,"2827, 13801, 52, 195.12"
2,0,"NVIDIA GeForce RTX 5070 Ti",120,70,tartan-p001,real,374692,0.010000,65536,5582,0.042587,8,65536,A3-cuda,allocate,0.020120,0.020296,0.020304,0.019296,0.020079,30,"2820, 13801, 54, 197.60"
2,0,"NVIDIA GeForce RTX 5070 Ti",120,70,tartan-p001,real,374692,0.010000,65536,5582,0.042587,8,65536,A3-cuda,update,0.192532,0.193956,0.194220,0.191376,0.192736,30,"2820, 13801, 54, 197.60"
2,0,"NVIDIA GeForce RTX 5070 Ti",120,70,tartan-p001,real,374692,0.010000,65536,5582,0.042587,8,65536,A4-rust,allocate,0.026800,0.027012,0.027012,0.026524,0.026779,30,"2820, 13801, 54, 197.60"
2,0,"NVIDIA GeForce RTX 5070 Ti",120,70,tartan-p001,real,374692,0.010000,65536,5582,0.042587,8,65536,A4-rust,update,0.200676,0.202228,0.202228,0.199036,0.200693,30,"2820, 13801, 54, 197.60"
2,0,"NVIDIA GeForce RTX 5070 Ti",120,70,tartan-p001,real,374692,0.010000,65536,5582,0.042587,8,65536,A5-triton,allocate,0.636924,0.640540,0.642520,0.633368,0.636747,30,"2820, 13801, 54, 197.60"
2,0,"NVIDIA GeForce RTX 5070 Ti",120,70,tartan-p001,real,374692,0.010000,65536,5582,0.042587,8,65536,A5-triton,update,0.290412,0.291312,0.291820,0.288812,0.290275,30,"2820, 13801, 54, 197.60"
2,0,"NVIDIA GeForce RTX 5070 Ti",120,70,tartan-p003,real,405269,0.010000,65536,14945,0.114021,8,65536,A3-cuda,allocate,0.023200,0.023404,0.023440,0.022924,0.023197,30,"2820, 13801, 54, 198.00"
2,0,"NVIDIA GeForce RTX 5070 Ti",120,70,tartan-p003,real,405269,0.010000,65536,14945,0.114021,8,65536,A3-cuda,update,0.424204,0.425860,0.425860,0.421260,0.423998,30,"2820, 13801, 54, 198.00"
2,0,"NVIDIA GeForce RTX 5070 Ti",120,70,tartan-p003,real,405269,0.010000,65536,14945,0.114021,8,65536,A4-rust,allocate,0.028884,0.029200,0.029216,0.028796,0.028936,30,"2820, 13801, 54, 198.00"
2,0,"NVIDIA GeForce RTX 5070 Ti",120,70,tartan-p003,real,405269,0.010000,65536,14945,0.114021,8,65536,A4-rust,update,0.430316,0.432352,0.432380,0.428784,0.430479,30,"2820, 13801, 54, 198.00"
2,0,"NVIDIA GeForce RTX 5070 Ti",120,70,tartan-p003,real,405269,0.010000,65536,14945,0.114021,8,65536,A5-triton,allocate,0.659796,0.664660,0.665584,0.656736,0.660370,30,"2820, 13801, 54, 198.00"
2,0,"NVIDIA GeForce RTX 5070 Ti",120,70,tartan-p003,real,405269,0.010000,65536,14945,0.114021,8,65536,A5-triton,update,0.546544,0.547572,0.547576,0.544604,0.546337,30,"2820, 13801, 54, 198.00"
2,0,"NVIDIA GeForce RTX 5070 Ti",120,70,tartan-p004,real,400248,0.010000,65536,8663,0.066093,8,65536,A3-cuda,allocate,0.022184,0.023176,0.023200,0.021844,0.022236,30,"2820, 13801, 56, 200.18"
2,0,"NVIDIA GeForce RTX 5070 Ti",120,70,tartan-p004,real,400248,0.010000,65536,8663,0.066093,8,65536,A3-cuda,update,0.339848,0.341236,0.341308,0.338188,0.339622,30,"2820, 13801, 56, 200.18"
2,0,"NVIDIA GeForce RTX 5070 Ti",120,70,tartan-p004,real,400248,0.010000,65536,8663,0.066093,8,65536,A4-rust,allocate,0.028880,0.029192,0.029196,0.028664,0.028886,30,"2820, 13801, 56, 200.18"
2,0,"NVIDIA GeForce RTX 5070 Ti",120,70,tartan-p004,real,400248,0.010000,65536,8663,0.066093,8,65536,A4-rust,update,0.344824,0.346080,0.346324,0.343256,0.344853,30,"2820, 13801, 56, 200.18"
2,0,"NVIDIA GeForce RTX 5070 Ti",120,70,tartan-p004,real,400248,0.010000,65536,8663,0.066093,8,65536,A5-triton,allocate,0.654548,0.657772,0.657972,0.651308,0.654601,30,"2820, 13801, 56, 200.18"
2,0,"NVIDIA GeForce RTX 5070 Ti",120,70,tartan-p004,real,400248,0.010000,65536,8663,0.066093,8,65536,A5-triton,update,0.430828,0.432092,0.433100,0.428908,0.430724,30,"2820, 13801, 56, 200.18"
2,0,"NVIDIA GeForce RTX 5070 Ti",120,70,tartan-p005,real,401678,0.010000,65536,14219,0.108482,8,65536,A3-cuda,allocate,0.026596,0.027112,0.027348,0.026396,0.026650,30,"2820, 13801, 56, 195.79"
2,0,"NVIDIA GeForce RTX 5070 Ti",120,70,tartan-p005,real,401678,0.010000,65536,14219,0.108482,8,65536,A3-cuda,update,0.470656,0.473480,0.474972,0.468660,0.471120,30,"2820, 13801, 56, 195.79"
2,0,"NVIDIA GeForce RTX 5070 Ti",120,70,tartan-p005,real,401678,0.010000,65536,14219,0.108482,8,65536,A4-rust,allocate,0.034488,0.034948,0.035060,0.033912,0.034464,30,"2820, 13801, 56, 195.79"
2,0,"NVIDIA GeForce RTX 5070 Ti",120,70,tartan-p005,real,401678,0.010000,65536,14219,0.108482,8,65536,A4-rust,update,0.472064,0.473776,0.474344,0.469000,0.471996,30,"2820, 13801, 56, 195.79"
2,0,"NVIDIA GeForce RTX 5070 Ti",120,70,tartan-p005,real,401678,0.010000,65536,14219,0.108482,8,65536,A5-triton,allocate,0.658988,0.661816,0.661972,0.656460,0.659007,30,"2820, 13801, 56, 195.79"
2,0,"NVIDIA GeForce RTX 5070 Ti",120,70,tartan-p005,real,401678,0.010000,65536,14219,0.108482,8,65536,A5-triton,update,0.653672,0.658252,0.659796,0.647668,0.653955,30,"2820, 13801, 56, 195.79"
2,0,"NVIDIA GeForce RTX 5070 Ti",120,70,diner-p000,real,393624,0.010000,65536,12266,0.093582,8,65536,A3-cuda,allocate,0.024744,0.024820,0.024824,0.024636,0.024737,30,"2820, 13801, 57, 198.40"
2,0,"NVIDIA GeForce RTX 5070 Ti",120,70,diner-p000,real,393624,0.010000,65536,12266,0.093582,8,65536,A3-cuda,update,0.375052,0.376716,0.377056,0.373516,0.375216,30,"2820, 13801, 57, 198.40"
2,0,"NVIDIA GeForce RTX 5070 Ti",120,70,diner-p000,real,393624,0.010000,65536,12266,0.093582,8,65536,A4-rust,allocate,0.032892,0.033064,0.033128,0.032372,0.032836,30,"2820, 13801, 57, 198.40"
2,0,"NVIDIA GeForce RTX 5070 Ti",120,70,diner-p000,real,393624,0.010000,65536,12266,0.093582,8,65536,A4-rust,update,0.384728,0.386760,0.387560,0.382196,0.384580,30,"2820, 13801, 57, 198.40"
2,0,"NVIDIA GeForce RTX 5070 Ti",120,70,diner-p000,real,393624,0.010000,65536,12266,0.093582,8,65536,A5-triton,allocate,0.652656,0.654912,0.655112,0.649460,0.652540,30,"2820, 13801, 57, 198.40"
2,0,"NVIDIA GeForce RTX 5070 Ti",120,70,diner-p000,real,393624,0.010000,65536,12266,0.093582,8,65536,A5-triton,update,0.490220,0.491620,0.491956,0.488300,0.490137,30,"2820, 13801, 57, 198.40"
2,0,"NVIDIA GeForce RTX 5070 Ti",120,70,diner-p002,real,409600,0.010000,65536,2769,0.021126,8,65536,A3-cuda,allocate,0.021652,0.021912,0.022244,0.021268,0.021648,30,"2820, 13801, 60, 208.85"
2,0,"NVIDIA GeForce RTX 5070 Ti",120,70,diner-p002,real,409600,0.010000,65536,2769,0.021126,8,65536,A3-cuda,update,0.117044,0.117388,0.118564,0.115640,0.116929,30,"2820, 13801, 60, 208.85"
2,0,"NVIDIA GeForce RTX 5070 Ti",120,70,diner-p002,real,409600,0.010000,65536,2769,0.021126,8,65536,A4-rust,allocate,0.030408,0.030908,0.030944,0.030016,0.030495,30,"2820, 13801, 60, 208.85"
2,0,"NVIDIA GeForce RTX 5070 Ti",120,70,diner-p002,real,409600,0.010000,65536,2769,0.021126,8,65536,A4-rust,update,0.127468,0.129020,0.129228,0.125792,0.127388,30,"2820, 13801, 60, 208.85"
2,0,"NVIDIA GeForce RTX 5070 Ti",120,70,diner-p002,real,409600,0.010000,65536,2769,0.021126,8,65536,A5-triton,allocate,0.660020,0.663388,0.663904,0.656464,0.659918,30,"2820, 13801, 60, 208.85"
2,0,"NVIDIA GeForce RTX 5070 Ti",120,70,diner-p002,real,409600,0.010000,65536,2769,0.021126,8,65536,A5-triton,update,0.217316,0.218180,0.218880,0.216276,0.217291,30,"2820, 13801, 60, 208.85"
2,0,"NVIDIA GeForce RTX 5070 Ti",120,70,diner-p003,real,409600,0.010000,65536,15285,0.116615,8,65536,A3-cuda,allocate,0.023224,0.023524,0.024580,0.023116,0.023285,30,"2820, 13801, 58, 198.33"
2,0,"NVIDIA GeForce RTX 5070 Ti",120,70,diner-p003,real,409600,0.010000,65536,15285,0.116615,8,65536,A3-cuda,update,0.444292,0.446020,0.446048,0.442636,0.444669,30,"2820, 13801, 58, 198.33"
2,0,"NVIDIA GeForce RTX 5070 Ti",120,70,diner-p003,real,409600,0.010000,65536,15285,0.116615,8,65536,A4-rust,allocate,0.030892,0.031092,0.031152,0.030360,0.030845,30,"2820, 13801, 58, 198.33"
2,0,"NVIDIA GeForce RTX 5070 Ti",120,70,diner-p003,real,409600,0.010000,65536,15285,0.116615,8,65536,A4-rust,update,0.439820,0.442344,0.443876,0.437492,0.439869,30,"2820, 13801, 58, 198.33"
2,0,"NVIDIA GeForce RTX 5070 Ti",120,70,diner-p003,real,409600,0.010000,65536,15285,0.116615,8,65536,A5-triton,allocate,0.664416,0.666672,0.667240,0.660040,0.664177,30,"2820, 13801, 58, 198.33"
2,0,"NVIDIA GeForce RTX 5070 Ti",120,70,diner-p003,real,409600,0.010000,65536,15285,0.116615,8,65536,A5-triton,update,0.622060,0.626288,0.626416,0.618736,0.622006,30,"2820, 13801, 58, 198.33"
2,0,"NVIDIA GeForce RTX 5070 Ti",120,70,diner-p000-cold,coldwarm,393624,0.010000,65536,9321,0.071114,8,65536,A3-cuda,allocate,0.034112,0.034532,0.034532,0.033908,0.034118,30,"2820, 13801, 57, 180.88"
2,0,"NVIDIA GeForce RTX 5070 Ti",120,70,diner-p000-cold,coldwarm,393624,0.010000,65536,9321,0.071114,8,65536,A3-cuda,update,0.413928,0.416640,0.416904,0.412152,0.414316,30,"2820, 13801, 57, 180.88"
2,0,"NVIDIA GeForce RTX 5070 Ti",120,70,diner-p000-cold,coldwarm,393624,0.010000,65536,9321,0.071114,8,65536,A4-rust,allocate,0.044416,0.044656,0.044656,0.043904,0.044377,30,"2820, 13801, 57, 180.88"
2,0,"NVIDIA GeForce RTX 5070 Ti",120,70,diner-p000-cold,coldwarm,393624,0.010000,65536,9321,0.071114,8,65536,A4-rust,update,0.423104,0.425684,0.425940,0.419544,0.422791,30,"2820, 13801, 57, 180.88"
2,0,"NVIDIA GeForce RTX 5070 Ti",120,70,diner-p000-cold,coldwarm,393624,0.010000,65536,9321,0.071114,8,65536,A5-triton,allocate,0.653304,0.655892,0.657424,0.650524,0.653233,30,"2820, 13801, 57, 180.88"
2,0,"NVIDIA GeForce RTX 5070 Ti",120,70,diner-p000-cold,coldwarm,393624,0.010000,65536,9321,0.071114,8,65536,A5-triton,update,0.537716,0.538988,0.539108,0.535124,0.537547,30,"2820, 13801, 57, 180.88"
2,0,"NVIDIA GeForce RTX 5070 Ti",120,70,diner-p003-cold,coldwarm,409600,0.010000,65536,12550,0.095749,8,65536,A3-cuda,allocate,0.040188,0.040600,0.040780,0.039944,0.040210,30,"2820, 13801, 57, 180.07"
2,0,"NVIDIA GeForce RTX 5070 Ti",120,70,diner-p003-cold,coldwarm,409600,0.010000,65536,12550,0.095749,8,65536,A3-cuda,update,0.524028,0.524544,0.525700,0.520968,0.523417,30,"2820, 13801, 57, 180.07"
2,0,"NVIDIA GeForce RTX 5070 Ti",120,70,diner-p003-cold,coldwarm,409600,0.010000,65536,12550,0.095749,8,65536,A4-rust,allocate,0.049256,0.049620,0.049644,0.048244,0.049201,30,"2820, 13801, 57, 180.07"
2,0,"NVIDIA GeForce RTX 5070 Ti",120,70,diner-p003-cold,coldwarm,409600,0.010000,65536,12550,0.095749,8,65536,A4-rust,update,0.522732,0.524492,0.525144,0.519256,0.522724,30,"2820, 13801, 57, 180.07"
2,0,"NVIDIA GeForce RTX 5070 Ti",120,70,diner-p003-cold,coldwarm,409600,0.010000,65536,12550,0.095749,8,65536,A5-triton,allocate,0.666140,0.668788,0.670572,0.661872,0.666060,30,"2820, 13801, 57, 180.07"
2,0,"NVIDIA GeForce RTX 5070 Ti",120,70,diner-p003-cold,coldwarm,409600,0.010000,65536,12550,0.095749,8,65536,A5-triton,update,0.697936,0.701552,0.702316,0.694776,0.698050,30,"2820, 13801, 57, 180.07"
2,0,"NVIDIA GeForce RTX 5070 Ti",120,70,tartan-p003-cold,coldwarm,405269,0.010000,65536,10070,0.076828,8,65536,A3-cuda,allocate,0.038592,0.039144,0.039228,0.038252,0.038611,30,"2820, 13801, 57, 182.29"
2,0,"NVIDIA GeForce RTX 5070 Ti",120,70,tartan-p003-cold,coldwarm,405269,0.010000,65536,10070,0.076828,8,65536,A3-cuda,update,0.446328,0.447732,0.448904,0.444536,0.446487,30,"2820, 13801, 57, 182.29"
2,0,"NVIDIA GeForce RTX 5070 Ti",120,70,tartan-p003-cold,coldwarm,405269,0.010000,65536,10070,0.076828,8,65536,A4-rust,allocate,0.047764,0.048060,0.048128,0.047284,0.047725,30,"2820, 13801, 57, 182.29"
2,0,"NVIDIA GeForce RTX 5070 Ti",120,70,tartan-p003-cold,coldwarm,405269,0.010000,65536,10070,0.076828,8,65536,A4-rust,update,0.454320,0.455888,0.456784,0.451828,0.454340,30,"2820, 13801, 57, 182.29"
2,0,"NVIDIA GeForce RTX 5070 Ti",120,70,tartan-p003-cold,coldwarm,405269,0.010000,65536,10070,0.076828,8,65536,A5-triton,allocate,0.662844,0.665924,0.666632,0.659296,0.662883,30,"2820, 13801, 57, 182.29"
2,0,"NVIDIA GeForce RTX 5070 Ti",120,70,tartan-p003-cold,coldwarm,405269,0.010000,65536,10070,0.076828,8,65536,A5-triton,update,0.566476,0.568052,0.568416,0.564328,0.566338,30,"2820, 13801, 57, 182.29"
2,0,"NVIDIA GeForce RTX 5070 Ti",120,70,tartan-p001-cold,coldwarm,374692,0.010000,65536,4478,0.034164,8,65536,A3-cuda,allocate,0.030836,0.031100,0.031348,0.029920,0.030719,30,"2820, 13801, 58, 179.27"
2,0,"NVIDIA GeForce RTX 5070 Ti",120,70,tartan-p001-cold,coldwarm,374692,0.010000,65536,4478,0.034164,8,65536,A3-cuda,update,0.310640,0.312204,0.314156,0.308232,0.310671,30,"2820, 13801, 58, 179.27"
2,0,"NVIDIA GeForce RTX 5070 Ti",120,70,tartan-p001-cold,coldwarm,374692,0.010000,65536,4478,0.034164,8,65536,A4-rust,allocate,0.041000,0.041560,0.041720,0.040508,0.041090,30,"2820, 13801, 58, 179.27"
2,0,"NVIDIA GeForce RTX 5070 Ti",120,70,tartan-p001-cold,coldwarm,374692,0.010000,65536,4478,0.034164,8,65536,A4-rust,update,0.319952,0.321768,0.322224,0.315884,0.319607,30,"2820, 13801, 58, 179.27"
2,0,"NVIDIA GeForce RTX 5070 Ti",120,70,tartan-p001-cold,coldwarm,374692,0.010000,65536,4478,0.034164,8,65536,A5-triton,allocate,0.639292,0.642084,0.642844,0.636420,0.639316,30,"2820, 13801, 58, 179.27"
2,0,"NVIDIA GeForce RTX 5070 Ti",120,70,tartan-p001-cold,coldwarm,374692,0.010000,65536,4478,0.034164,8,65536,A5-triton,update,0.403928,0.405628,0.405688,0.402040,0.403897,30,"2820, 13801, 58, 179.27"
2,1,"NVIDIA GeForce RTX 5060",120,30,base,baseline,320000,0.010000,16384,1160,0.035400,8,65536,A3-cuda,allocate,0.053976,0.054404,0.054444,0.053476,0.054000,30,"2782, 13801, 47, 77.18"
2,1,"NVIDIA GeForce RTX 5060",120,30,base,baseline,320000,0.010000,16384,1160,0.035400,8,65536,A3-cuda,update,0.456936,0.460920,0.461692,0.453488,0.456963,30,"2782, 13801, 47, 77.18"
2,1,"NVIDIA GeForce RTX 5060",120,30,base,baseline,320000,0.010000,16384,1160,0.035400,8,65536,A4-rust,allocate,0.063204,0.063780,0.063964,0.062592,0.063186,30,"2782, 13801, 47, 77.18"
2,1,"NVIDIA GeForce RTX 5060",120,30,base,baseline,320000,0.010000,16384,1160,0.035400,8,65536,A4-rust,update,0.475528,0.479412,0.479904,0.469928,0.475402,30,"2782, 13801, 47, 77.18"
2,1,"NVIDIA GeForce RTX 5060",120,30,base,baseline,320000,0.010000,16384,1160,0.035400,8,65536,A5-triton,allocate,0.966132,0.967568,0.967820,0.963596,0.966032,30,"2782, 13801, 47, 77.18"
2,1,"NVIDIA GeForce RTX 5060",120,30,base,baseline,320000,0.010000,16384,1160,0.035400,8,65536,A5-triton,update,0.560920,0.562980,0.563008,0.557264,0.560533,30,"2782, 13801, 47, 77.18"
2,1,"NVIDIA GeForce RTX 5060",120,30,pts-20k,points,20000,0.010000,16384,1104,0.033691,8,65536,A3-cuda,allocate,0.008312,0.008480,0.008908,0.008156,0.008322,30,"2790, 13801, 44, 62.08"
2,1,"NVIDIA GeForce RTX 5060",120,30,pts-20k,points,20000,0.010000,16384,1104,0.033691,8,65536,A3-cuda,update,0.063748,0.064340,0.064636,0.062636,0.063745,30,"2790, 13801, 44, 62.08"
2,1,"NVIDIA GeForce RTX 5060",120,30,pts-20k,points,20000,0.010000,16384,1104,0.033691,8,65536,A4-rust,allocate,0.018592,0.018896,0.019136,0.018100,0.018593,30,"2790, 13801, 44, 62.08"
2,1,"NVIDIA GeForce RTX 5060",120,30,pts-20k,points,20000,0.010000,16384,1104,0.033691,8,65536,A4-rust,update,0.064072,0.064944,0.065160,0.063008,0.064077,30,"2790, 13801, 44, 62.08"
2,1,"NVIDIA GeForce RTX 5060",120,30,pts-20k,points,20000,0.010000,16384,1104,0.033691,8,65536,A5-triton,allocate,0.094912,0.095348,0.095368,0.094516,0.094875,30,"2790, 13801, 44, 62.08"
2,1,"NVIDIA GeForce RTX 5060",120,30,pts-20k,points,20000,0.010000,16384,1104,0.033691,8,65536,A5-triton,update,0.099848,0.100388,0.100412,0.099148,0.099821,30,"2790, 13801, 44, 62.08"
2,1,"NVIDIA GeForce RTX 5060",120,30,pts-80k,points,80000,0.010000,16384,1160,0.035400,8,65536,A3-cuda,allocate,0.019096,0.019872,0.020080,0.018704,0.019204,30,"2782, 13801, 46, 63.95"
2,1,"NVIDIA GeForce RTX 5060",120,30,pts-80k,points,80000,0.010000,16384,1160,0.035400,8,65536,A3-cuda,update,0.131472,0.132956,0.133324,0.130512,0.131575,30,"2782, 13801, 46, 63.95"
2,1,"NVIDIA GeForce RTX 5060",120,30,pts-80k,points,80000,0.010000,16384,1160,0.035400,8,65536,A4-rust,allocate,0.025100,0.025576,0.025632,0.024572,0.025163,30,"2782, 13801, 46, 63.95"
2,1,"NVIDIA GeForce RTX 5060",120,30,pts-80k,points,80000,0.010000,16384,1160,0.035400,8,65536,A4-rust,update,0.141608,0.143016,0.143140,0.139656,0.141634,30,"2782, 13801, 46, 63.95"
2,1,"NVIDIA GeForce RTX 5060",120,30,pts-80k,points,80000,0.010000,16384,1160,0.035400,8,65536,A5-triton,allocate,0.307412,0.314628,0.315648,0.301384,0.307781,30,"2782, 13801, 46, 63.95"
2,1,"NVIDIA GeForce RTX 5060",120,30,pts-80k,points,80000,0.010000,16384,1160,0.035400,8,65536,A5-triton,update,0.190764,0.192396,0.192712,0.189128,0.190723,30,"2782, 13801, 46, 63.95"
2,1,"NVIDIA GeForce RTX 5060",120,30,pts-720k,points,720000,0.010000,16384,1160,0.035400,8,65536,A3-cuda,allocate,0.101992,0.102756,0.102912,0.101488,0.102017,30,"2782, 13801, 50, 82.86"
2,1,"NVIDIA GeForce RTX 5060",120,30,pts-720k,points,720000,0.010000,16384,1160,0.035400,8,65536,A3-cuda,update,0.962500,0.970368,0.971032,0.956368,0.962899,30,"2782, 13801, 50, 82.86"
2,1,"NVIDIA GeForce RTX 5060",120,30,pts-720k,points,720000,0.010000,16384,1160,0.035400,8,65536,A4-rust,allocate,0.116172,0.116992,0.117724,0.114780,0.116102,30,"2782, 13801, 50, 82.86"
2,1,"NVIDIA GeForce RTX 5060",120,30,pts-720k,points,720000,0.010000,16384,1160,0.035400,8,65536,A4-rust,update,0.979868,0.990392,0.991644,0.972192,0.980856,30,"2782, 13801, 50, 82.86"
2,1,"NVIDIA GeForce RTX 5060",120,30,pts-720k,points,720000,0.010000,16384,1160,0.035400,8,65536,A5-triton,allocate,2.149644,2.151096,2.151104,2.145612,2.149376,30,"2782, 13801, 50, 82.86"
2,1,"NVIDIA GeForce RTX 5060",120,30,pts-720k,points,720000,0.010000,16384,1160,0.035400,8,65536,A5-triton,update,1.143604,1.145832,1.146140,1.140340,1.143288,30,"2782, 13801, 50, 82.86"
2,1,"NVIDIA GeForce RTX 5060",120,30,pts-1280k,points,1280000,0.010000,16384,1160,0.035400,8,65536,A3-cuda,allocate,0.167772,0.169224,0.169384,0.166948,0.167847,30,"2782, 13801, 52, 87.27"
2,1,"NVIDIA GeForce RTX 5060",120,30,pts-1280k,points,1280000,0.010000,16384,1160,0.035400,8,65536,A3-cuda,update,1.545840,1.553620,1.556564,1.536600,1.546481,30,"2782, 13801, 52, 87.27"
2,1,"NVIDIA GeForce RTX 5060",120,30,pts-1280k,points,1280000,0.010000,16384,1160,0.035400,8,65536,A4-rust,allocate,0.185804,0.187160,0.187848,0.184008,0.185728,30,"2782, 13801, 52, 87.27"
2,1,"NVIDIA GeForce RTX 5060",120,30,pts-1280k,points,1280000,0.010000,16384,1160,0.035400,8,65536,A4-rust,update,1.550760,1.558164,1.558944,1.544260,1.550442,30,"2782, 13801, 52, 87.27"
2,1,"NVIDIA GeForce RTX 5060",120,30,pts-1280k,points,1280000,0.010000,16384,1160,0.035400,8,65536,A5-triton,allocate,3.850520,3.855792,3.856908,3.844248,3.850335,30,"2782, 13801, 52, 87.27"
2,1,"NVIDIA GeForce RTX 5060",120,30,pts-1280k,points,1280000,0.010000,16384,1160,0.035400,8,65536,A5-triton,update,1.856400,1.859756,1.860040,1.849264,1.855866,30,"2782, 13801, 52, 87.27"
2,1,"NVIDIA GeForce RTX 5060",120,30,r-0.25,extent,320000,0.010000,16384,280,0.008545,8,65536,A3-cuda,allocate,0.044756,0.045152,0.045260,0.043368,0.044492,30,"2790, 13801, 49, 76.37"
2,1,"NVIDIA GeForce RTX 5060",120,30,r-0.25,extent,320000,0.010000,16384,280,0.008545,8,65536,A3-cuda,update,0.412528,0.416688,0.416756,0.409340,0.412961,30,"2790, 13801, 49, 76.37"
2,1,"NVIDIA GeForce RTX 5060",120,30,r-0.25,extent,320000,0.010000,16384,280,0.008545,8,65536,A4-rust,allocate,0.057568,0.058432,0.058788,0.056576,0.057522,30,"2790, 13801, 49, 76.37"
2,1,"NVIDIA GeForce RTX 5060",120,30,r-0.25,extent,320000,0.010000,16384,280,0.008545,8,65536,A4-rust,update,0.438120,0.443800,0.446388,0.433556,0.438671,30,"2790, 13801, 49, 76.37"
2,1,"NVIDIA GeForce RTX 5060",120,30,r-0.25,extent,320000,0.010000,16384,280,0.008545,8,65536,A5-triton,allocate,0.967104,0.968412,0.968592,0.964576,0.967071,30,"2790, 13801, 49, 76.37"
2,1,"NVIDIA GeForce RTX 5060",120,30,r-0.25,extent,320000,0.010000,16384,280,0.008545,8,65536,A5-triton,update,0.508044,0.510860,0.510940,0.505752,0.508117,30,"2790, 13801, 49, 76.37"
2,1,"NVIDIA GeForce RTX 5060",120,30,r-1.0,extent,320000,0.010000,65536,4752,0.036255,8,65536,A3-cuda,allocate,0.061676,0.062012,0.062112,0.060660,0.061529,30,"2790, 13801, 49, 71.95"
2,1,"NVIDIA GeForce RTX 5060",120,30,r-1.0,extent,320000,0.010000,65536,4752,0.036255,8,65536,A3-cuda,update,0.523052,0.524644,0.526056,0.519920,0.523166,30,"2790, 13801, 49, 71.95"
2,1,"NVIDIA GeForce RTX 5060",120,30,r-1.0,extent,320000,0.010000,65536,4752,0.036255,8,65536,A4-rust,allocate,0.069104,0.069684,0.069908,0.068788,0.069161,30,"2790, 13801, 49, 71.95"
2,1,"NVIDIA GeForce RTX 5060",120,30,r-1.0,extent,320000,0.010000,65536,4752,0.036255,8,65536,A4-rust,update,0.532760,0.534384,0.534480,0.529420,0.532532,30,"2790, 13801, 49, 71.95"
2,1,"NVIDIA GeForce RTX 5060",120,30,r-1.0,extent,320000,0.010000,65536,4752,0.036255,8,65536,A5-triton,allocate,0.967840,0.970684,0.971516,0.965824,0.967958,30,"2790, 13801, 49, 71.95"
2,1,"NVIDIA GeForce RTX 5060",120,30,r-1.0,extent,320000,0.010000,65536,4752,0.036255,8,65536,A5-triton,update,0.653336,0.654352,0.655176,0.650788,0.652926,30,"2790, 13801, 49, 71.95"
2,1,"NVIDIA GeForce RTX 5060",120,30,r-2.0,extent,320000,0.010000,131072,18160,0.069275,4,65536,A3-cuda,allocate,0.087768,0.088984,0.089416,0.086440,0.087894,30,"2790, 13801, 48, 69.45"
2,1,"NVIDIA GeForce RTX 5060",120,30,r-2.0,extent,320000,0.010000,131072,18160,0.069275,4,65536,A3-cuda,update,1.179336,1.184544,1.186016,1.175384,1.179762,30,"2790, 13801, 48, 69.45"
2,1,"NVIDIA GeForce RTX 5060",120,30,r-2.0,extent,320000,0.010000,131072,18160,0.069275,4,65536,A4-rust,allocate,0.089552,0.090104,0.090416,0.087952,0.089537,30,"2790, 13801, 48, 69.45"
2,1,"NVIDIA GeForce RTX 5060",120,30,r-2.0,extent,320000,0.010000,131072,18160,0.069275,4,65536,A4-rust,update,1.156080,1.160280,1.161704,1.151080,1.155849,30,"2790, 13801, 48, 69.45"
2,1,"NVIDIA GeForce RTX 5060",120,30,r-2.0,extent,320000,0.010000,131072,18160,0.069275,4,65536,A5-triton,allocate,0.982024,0.985008,0.985160,0.978848,0.982113,30,"2790, 13801, 48, 69.45"
2,1,"NVIDIA GeForce RTX 5060",120,30,r-2.0,extent,320000,0.010000,131072,18160,0.069275,4,65536,A5-triton,update,1.700136,1.706328,1.706832,1.690872,1.699553,30,"2790, 13801, 48, 69.45"
2,1,"NVIDIA GeForce RTX 5060",120,30,lf-sparse,loadfactor,320000,0.010000,18560,1160,0.017700,8,65536,A3-cuda,allocate,0.050848,0.051332,0.052028,0.049768,0.050610,30,"2790, 13801, 50, 71.30"
2,1,"NVIDIA GeForce RTX 5060",120,30,lf-sparse,loadfactor,320000,0.010000,18560,1160,0.017700,8,65536,A3-cuda,update,0.459904,0.463220,0.464348,0.455416,0.459906,30,"2790, 13801, 50, 71.30"
2,1,"NVIDIA GeForce RTX 5060",120,30,lf-sparse,loadfactor,320000,0.010000,18560,1160,0.017700,8,65536,A4-rust,allocate,0.059148,0.059932,0.059952,0.058600,0.059258,30,"2790, 13801, 50, 71.30"
2,1,"NVIDIA GeForce RTX 5060",120,30,lf-sparse,loadfactor,320000,0.010000,18560,1160,0.017700,8,65536,A4-rust,update,0.477524,0.480944,0.481440,0.473736,0.477214,30,"2790, 13801, 50, 71.30"
2,1,"NVIDIA GeForce RTX 5060",120,30,lf-sparse,loadfactor,320000,0.010000,18560,1160,0.017700,8,65536,A5-triton,allocate,0.964048,0.965456,0.965560,0.961700,0.963821,30,"2790, 13801, 50, 71.30"
2,1,"NVIDIA GeForce RTX 5060",120,30,lf-sparse,loadfactor,320000,0.010000,18560,1160,0.017700,8,65536,A5-triton,update,0.562940,0.566068,0.566268,0.560680,0.562866,30,"2790, 13801, 50, 71.30"
2,1,"NVIDIA GeForce RTX 5060",120,30,plane-320k,shape,320356,0.010000,16384,1060,0.032349,8,65536,A3-cuda,allocate,0.053160,0.053980,0.054068,0.052724,0.053238,30,"2790, 13801, 52, 76.31"
2,1,"NVIDIA GeForce RTX 5060",120,30,plane-320k,shape,320356,0.010000,16384,1060,0.032349,8,65536,A3-cuda,update,0.620896,0.622828,0.623224,0.616816,0.620300,30,"2790, 13801, 52, 76.31"
2,1,"NVIDIA GeForce RTX 5060",120,30,plane-320k,shape,320356,0.010000,16384,1060,0.032349,8,65536,A4-rust,allocate,0.058612,0.059116,0.059296,0.057904,0.058596,30,"2790, 13801, 52, 76.31"
2,1,"NVIDIA GeForce RTX 5060",120,30,plane-320k,shape,320356,0.010000,16384,1060,0.032349,8,65536,A4-rust,update,0.627508,0.632348,0.633080,0.622372,0.627755,30,"2790, 13801, 52, 76.31"
2,1,"NVIDIA GeForce RTX 5060",120,30,plane-320k,shape,320356,0.010000,16384,1060,0.032349,8,65536,A5-triton,allocate,0.965208,0.966992,0.967068,0.963892,0.965244,30,"2790, 13801, 52, 76.31"
2,1,"NVIDIA GeForce RTX 5060",120,30,plane-320k,shape,320356,0.010000,16384,1060,0.032349,8,65536,A5-triton,update,0.700292,0.702028,0.702756,0.696200,0.699926,30,"2790, 13801, 52, 76.31"
2,1,"NVIDIA GeForce RTX 5060",120,30,tartan-cold,real,407444,0.010000,65536,10245,0.078163,8,65536,A3-cuda,allocate,0.070968,0.071248,0.071312,0.070700,0.070950,30,"2790, 13801, 51, 75.23"
2,1,"NVIDIA GeForce RTX 5060",120,30,tartan-cold,real,407444,0.010000,65536,10245,0.078163,8,65536,A3-cuda,update,0.834512,0.836208,0.837592,0.830564,0.834057,30,"2790, 13801, 51, 75.23"
2,1,"NVIDIA GeForce RTX 5060",120,30,tartan-cold,real,407444,0.010000,65536,10245,0.078163,8,65536,A4-rust,allocate,0.080728,0.080936,0.080948,0.080048,0.080702,30,"2790, 13801, 51, 75.23"
2,1,"NVIDIA GeForce RTX 5060",120,30,tartan-cold,real,407444,0.010000,65536,10245,0.078163,8,65536,A4-rust,update,0.835264,0.837900,0.838536,0.833056,0.835183,30,"2790, 13801, 51, 75.23"
2,1,"NVIDIA GeForce RTX 5060",120,30,tartan-cold,real,407444,0.010000,65536,10245,0.078163,8,65536,A5-triton,allocate,1.225928,1.228068,1.228164,1.223832,1.226071,30,"2790, 13801, 51, 75.23"
2,1,"NVIDIA GeForce RTX 5060",120,30,tartan-cold,real,407444,0.010000,65536,10245,0.078163,8,65536,A5-triton,update,1.109024,1.111884,1.112100,1.104960,1.108937,30,"2790, 13801, 51, 75.23"
2,1,"NVIDIA GeForce RTX 5060",120,30,tartan-warm,real,407444,0.010000,65536,14332,0.109344,8,65536,A3-cuda,allocate,0.051540,0.052160,0.052404,0.051320,0.051583,30,"2782, 13801, 54, 91.71"
2,1,"NVIDIA GeForce RTX 5060",120,30,tartan-warm,real,407444,0.010000,65536,14332,0.109344,8,65536,A3-cuda,update,0.711404,0.713424,0.714824,0.707156,0.710965,30,"2782, 13801, 54, 91.71"
2,1,"NVIDIA GeForce RTX 5060",120,30,tartan-warm,real,407444,0.010000,65536,14332,0.109344,8,65536,A4-rust,allocate,0.057876,0.058276,0.058624,0.057652,0.057927,30,"2782, 13801, 54, 91.71"
2,1,"NVIDIA GeForce RTX 5060",120,30,tartan-warm,real,407444,0.010000,65536,14332,0.109344,8,65536,A4-rust,update,0.709820,0.712740,0.713820,0.705928,0.709877,30,"2782, 13801, 54, 91.71"
2,1,"NVIDIA GeForce RTX 5060",120,30,tartan-warm,real,407444,0.010000,65536,14332,0.109344,8,65536,A5-triton,allocate,1.222728,1.224184,1.224744,1.220040,1.222541,30,"2782, 13801, 54, 91.71"
2,1,"NVIDIA GeForce RTX 5060",120,30,tartan-warm,real,407444,0.010000,65536,14332,0.109344,8,65536,A5-triton,update,1.006532,1.010068,1.010344,1.000088,1.006245,30,"2782, 13801, 54, 91.71"
2,1,"NVIDIA GeForce RTX 5060",120,30,tartan-p001,real,374692,0.010000,65536,5582,0.042587,8,65536,A3-cuda,allocate,0.043440,0.044244,0.044408,0.043224,0.043477,30,"2782, 13801, 57, 93.36"
2,1,"NVIDIA GeForce RTX 5060",120,30,tartan-p001,real,374692,0.010000,65536,5582,0.042587,8,65536,A3-cuda,update,0.376820,0.378324,0.378336,0.375404,0.376848,30,"2782, 13801, 57, 93.36"
2,1,"NVIDIA GeForce RTX 5060",120,30,tartan-p001,real,374692,0.010000,65536,5582,0.042587,8,65536,A4-rust,allocate,0.051716,0.052100,0.052180,0.051516,0.051761,30,"2782, 13801, 57, 93.36"
2,1,"NVIDIA GeForce RTX 5060",120,30,tartan-p001,real,374692,0.010000,65536,5582,0.042587,8,65536,A4-rust,update,0.383900,0.385168,0.385172,0.381240,0.383819,30,"2782, 13801, 57, 93.36"
2,1,"NVIDIA GeForce RTX 5060",120,30,tartan-p001,real,374692,0.010000,65536,5582,0.042587,8,65536,A5-triton,allocate,1.135908,1.138204,1.140520,1.132632,1.135672,30,"2782, 13801, 57, 93.36"
2,1,"NVIDIA GeForce RTX 5060",120,30,tartan-p001,real,374692,0.010000,65536,5582,0.042587,8,65536,A5-triton,update,0.536536,0.537920,0.537924,0.534656,0.536450,30,"2782, 13801, 57, 93.36"
2,1,"NVIDIA GeForce RTX 5060",120,30,tartan-p003,real,405269,0.010000,65536,14945,0.114021,8,65536,A3-cuda,allocate,0.051128,0.051388,0.051496,0.050668,0.051107,30,"2782, 13801, 58, 96.23"
2,1,"NVIDIA GeForce RTX 5060",120,30,tartan-p003,real,405269,0.010000,65536,14945,0.114021,8,65536,A3-cuda,update,0.805232,0.806904,0.807392,0.802512,0.805048,30,"2782, 13801, 58, 96.23"
2,1,"NVIDIA GeForce RTX 5060",120,30,tartan-p003,real,405269,0.010000,65536,14945,0.114021,8,65536,A4-rust,allocate,0.057996,0.058300,0.058396,0.057704,0.057974,30,"2782, 13801, 58, 96.23"
2,1,"NVIDIA GeForce RTX 5060",120,30,tartan-p003,real,405269,0.010000,65536,14945,0.114021,8,65536,A4-rust,update,0.807332,0.809604,0.810392,0.805304,0.807645,30,"2782, 13801, 58, 96.23"
2,1,"NVIDIA GeForce RTX 5060",120,30,tartan-p003,real,405269,0.010000,65536,14945,0.114021,8,65536,A5-triton,allocate,1.217128,1.219136,1.219632,1.215264,1.217300,30,"2782, 13801, 58, 96.23"
2,1,"NVIDIA GeForce RTX 5060",120,30,tartan-p003,real,405269,0.010000,65536,14945,0.114021,8,65536,A5-triton,update,1.052692,1.056068,1.056808,1.050628,1.053070,30,"2782, 13801, 58, 96.23"
2,1,"NVIDIA GeForce RTX 5060",120,30,tartan-p004,real,400248,0.010000,65536,8663,0.066093,8,65536,A3-cuda,allocate,0.049528,0.049700,0.049708,0.048672,0.049346,30,"2782, 13801, 60, 95.93"
2,1,"NVIDIA GeForce RTX 5060",120,30,tartan-p004,real,400248,0.010000,65536,8663,0.066093,8,65536,A3-cuda,update,0.665712,0.667796,0.668648,0.662500,0.666007,30,"2782, 13801, 60, 95.93"
2,1,"NVIDIA GeForce RTX 5060",120,30,tartan-p004,real,400248,0.010000,65536,8663,0.066093,8,65536,A4-rust,allocate,0.056844,0.057620,0.057680,0.056100,0.056818,30,"2782, 13801, 60, 95.93"
2,1,"NVIDIA GeForce RTX 5060",120,30,tartan-p004,real,400248,0.010000,65536,8663,0.066093,8,65536,A4-rust,update,0.666644,0.668336,0.668412,0.664592,0.666687,30,"2782, 13801, 60, 95.93"
2,1,"NVIDIA GeForce RTX 5060",120,30,tartan-p004,real,400248,0.010000,65536,8663,0.066093,8,65536,A5-triton,allocate,1.201928,1.204728,1.205040,1.199652,1.202224,30,"2782, 13801, 60, 95.93"
2,1,"NVIDIA GeForce RTX 5060",120,30,tartan-p004,real,400248,0.010000,65536,8663,0.066093,8,65536,A5-triton,update,0.800916,0.802444,0.802596,0.798704,0.800656,30,"2782, 13801, 60, 95.93"
2,1,"NVIDIA GeForce RTX 5060",120,30,tartan-p005,real,401678,0.010000,65536,14219,0.108482,8,65536,A3-cuda,allocate,0.057728,0.058576,0.058600,0.057460,0.057798,30,"2782, 13801, 60, 94.45"
2,1,"NVIDIA GeForce RTX 5060",120,30,tartan-p005,real,401678,0.010000,65536,14219,0.108482,8,65536,A3-cuda,update,0.909780,0.912732,0.912744,0.903612,0.909316,30,"2782, 13801, 60, 94.45"
2,1,"NVIDIA GeForce RTX 5060",120,30,tartan-p005,real,401678,0.010000,65536,14219,0.108482,8,65536,A4-rust,allocate,0.067504,0.068000,0.068080,0.066848,0.067464,30,"2782, 13801, 60, 94.45"
2,1,"NVIDIA GeForce RTX 5060",120,30,tartan-p005,real,401678,0.010000,65536,14219,0.108482,8,65536,A4-rust,update,0.904804,0.907436,0.907916,0.899464,0.904630,30,"2782, 13801, 60, 94.45"
2,1,"NVIDIA GeForce RTX 5060",120,30,tartan-p005,real,401678,0.010000,65536,14219,0.108482,8,65536,A5-triton,allocate,1.212416,1.214380,1.215352,1.208668,1.212375,30,"2782, 13801, 60, 94.45"
2,1,"NVIDIA GeForce RTX 5060",120,30,tartan-p005,real,401678,0.010000,65536,14219,0.108482,8,65536,A5-triton,update,1.269028,1.276796,1.278716,1.263624,1.269182,30,"2782, 13801, 60, 94.45"
2,1,"NVIDIA GeForce RTX 5060",120,30,diner-p000,real,393624,0.010000,65536,12266,0.093582,8,65536,A3-cuda,allocate,0.053064,0.053720,0.053892,0.052812,0.053131,30,"2782, 13801, 60, 95.39"
2,1,"NVIDIA GeForce RTX 5060",120,30,diner-p000,real,393624,0.010000,65536,12266,0.093582,8,65536,A3-cuda,update,0.727240,0.730172,0.730352,0.724432,0.727544,30,"2782, 13801, 60, 95.39"
2,1,"NVIDIA GeForce RTX 5060",120,30,diner-p000,real,393624,0.010000,65536,12266,0.093582,8,65536,A4-rust,allocate,0.063604,0.064032,0.064232,0.062648,0.063627,30,"2782, 13801, 60, 95.39"
2,1,"NVIDIA GeForce RTX 5060",120,30,diner-p000,real,393624,0.010000,65536,12266,0.093582,8,65536,A4-rust,update,0.731668,0.734004,0.734172,0.729024,0.731681,30,"2782, 13801, 60, 95.39"
2,1,"NVIDIA GeForce RTX 5060",120,30,diner-p000,real,393624,0.010000,65536,12266,0.093582,8,65536,A5-triton,allocate,1.188288,1.190964,1.191468,1.186260,1.188251,30,"2782, 13801, 60, 95.39"
2,1,"NVIDIA GeForce RTX 5060",120,30,diner-p000,real,393624,0.010000,65536,12266,0.093582,8,65536,A5-triton,update,0.916156,0.917960,0.918160,0.912052,0.915913,30,"2782, 13801, 60, 95.39"
2,1,"NVIDIA GeForce RTX 5060",120,30,diner-p002,real,409600,0.010000,65536,2769,0.021126,8,65536,A3-cuda,allocate,0.048048,0.048176,0.048288,0.047708,0.048023,30,"2775, 13801, 61, 94.68"
2,1,"NVIDIA GeForce RTX 5060",120,30,diner-p002,real,409600,0.010000,65536,2769,0.021126,8,65536,A3-cuda,update,0.230728,0.231264,0.232208,0.229180,0.230314,30,"2775, 13801, 61, 94.68"
2,1,"NVIDIA GeForce RTX 5060",120,30,diner-p002,real,409600,0.010000,65536,2769,0.021126,8,65536,A4-rust,allocate,0.057884,0.058384,0.058408,0.057732,0.057988,30,"2775, 13801, 61, 94.68"
2,1,"NVIDIA GeForce RTX 5060",120,30,diner-p002,real,409600,0.010000,65536,2769,0.021126,8,65536,A4-rust,update,0.239168,0.241076,0.241660,0.238120,0.239435,30,"2775, 13801, 61, 94.68"
2,1,"NVIDIA GeForce RTX 5060",120,30,diner-p002,real,409600,0.010000,65536,2769,0.021126,8,65536,A5-triton,allocate,1.228500,1.229868,1.230764,1.226020,1.228372,30,"2775, 13801, 61, 94.68"
2,1,"NVIDIA GeForce RTX 5060",120,30,diner-p002,real,409600,0.010000,65536,2769,0.021126,8,65536,A5-triton,update,0.391864,0.393420,0.393472,0.390032,0.391914,30,"2775, 13801, 61, 94.68"
2,1,"NVIDIA GeForce RTX 5060",120,30,diner-p003,real,409600,0.010000,65536,15285,0.116615,8,65536,A3-cuda,allocate,0.051212,0.051612,0.051708,0.050972,0.051221,30,"2782, 13801, 61, 95.64"
2,1,"NVIDIA GeForce RTX 5060",120,30,diner-p003,real,409600,0.010000,65536,15285,0.116615,8,65536,A3-cuda,update,0.852840,0.854776,0.857448,0.848640,0.852054,30,"2782, 13801, 61, 95.64"
2,1,"NVIDIA GeForce RTX 5060",120,30,diner-p003,real,409600,0.010000,65536,15285,0.116615,8,65536,A4-rust,allocate,0.059932,0.060352,0.060520,0.059564,0.059955,30,"2782, 13801, 61, 95.64"
2,1,"NVIDIA GeForce RTX 5060",120,30,diner-p003,real,409600,0.010000,65536,15285,0.116615,8,65536,A4-rust,update,0.841068,0.843044,0.844136,0.838492,0.840810,30,"2782, 13801, 61, 95.64"
2,1,"NVIDIA GeForce RTX 5060",120,30,diner-p003,real,409600,0.010000,65536,15285,0.116615,8,65536,A5-triton,allocate,1.231720,1.234568,1.235460,1.228268,1.231782,30,"2782, 13801, 61, 95.64"
2,1,"NVIDIA GeForce RTX 5060",120,30,diner-p003,real,409600,0.010000,65536,15285,0.116615,8,65536,A5-triton,update,1.283164,1.286532,1.286980,1.278480,1.283029,30,"2782, 13801, 61, 95.64"
2,1,"NVIDIA GeForce RTX 5060",120,30,diner-p000-cold,coldwarm,393624,0.010000,65536,9321,0.071114,8,65536,A3-cuda,allocate,0.065516,0.065744,0.066076,0.065232,0.065524,30,"2782, 13801, 59, 78.05"
2,1,"NVIDIA GeForce RTX 5060",120,30,diner-p000-cold,coldwarm,393624,0.010000,65536,9321,0.071114,8,65536,A3-cuda,update,0.794512,0.796012,0.796208,0.791020,0.794040,30,"2782, 13801, 59, 78.05"
2,1,"NVIDIA GeForce RTX 5060",120,30,diner-p000-cold,coldwarm,393624,0.010000,65536,9321,0.071114,8,65536,A4-rust,allocate,0.076020,0.076572,0.076796,0.075216,0.075980,30,"2782, 13801, 59, 78.05"
2,1,"NVIDIA GeForce RTX 5060",120,30,diner-p000-cold,coldwarm,393624,0.010000,65536,9321,0.071114,8,65536,A4-rust,update,0.797840,0.800152,0.800904,0.794792,0.797732,30,"2782, 13801, 59, 78.05"
2,1,"NVIDIA GeForce RTX 5060",120,30,diner-p000-cold,coldwarm,393624,0.010000,65536,9321,0.071114,8,65536,A5-triton,allocate,1.187364,1.189852,1.190992,1.185420,1.187427,30,"2782, 13801, 59, 78.05"
2,1,"NVIDIA GeForce RTX 5060",120,30,diner-p000-cold,coldwarm,393624,0.010000,65536,9321,0.071114,8,65536,A5-triton,update,1.040564,1.043360,1.043900,1.036292,1.040931,30,"2782, 13801, 59, 78.05"
2,1,"NVIDIA GeForce RTX 5060",120,30,diner-p003-cold,coldwarm,409600,0.010000,65536,12550,0.095749,8,65536,A3-cuda,allocate,0.074276,0.074632,0.074696,0.074028,0.074291,30,"2782, 13801, 59, 78.05"
2,1,"NVIDIA GeForce RTX 5060",120,30,diner-p003-cold,coldwarm,409600,0.010000,65536,12550,0.095749,8,65536,A3-cuda,update,0.981940,0.985200,0.985272,0.978920,0.981828,30,"2782, 13801, 59, 78.05"
2,1,"NVIDIA GeForce RTX 5060",120,30,diner-p003-cold,coldwarm,409600,0.010000,65536,12550,0.095749,8,65536,A4-rust,allocate,0.085496,0.085908,0.086204,0.084928,0.085460,30,"2782, 13801, 59, 78.05"
2,1,"NVIDIA GeForce RTX 5060",120,30,diner-p003-cold,coldwarm,409600,0.010000,65536,12550,0.095749,8,65536,A4-rust,update,0.978072,0.980872,0.981140,0.975008,0.978100,30,"2782, 13801, 59, 78.05"
2,1,"NVIDIA GeForce RTX 5060",120,30,diner-p003-cold,coldwarm,409600,0.010000,65536,12550,0.095749,8,65536,A5-triton,allocate,1.235948,1.237900,1.238088,1.233388,1.235899,30,"2782, 13801, 59, 78.05"
2,1,"NVIDIA GeForce RTX 5060",120,30,diner-p003-cold,coldwarm,409600,0.010000,65536,12550,0.095749,8,65536,A5-triton,update,1.458712,1.465000,1.465532,1.453508,1.459060,30,"2782, 13801, 59, 78.05"
2,1,"NVIDIA GeForce RTX 5060",120,30,tartan-p003-cold,coldwarm,405269,0.010000,65536,10070,0.076828,8,65536,A3-cuda,allocate,0.074008,0.074412,0.074984,0.073168,0.073886,30,"2782, 13801, 60, 78.59"
2,1,"NVIDIA GeForce RTX 5060",120,30,tartan-p003-cold,coldwarm,405269,0.010000,65536,10070,0.076828,8,65536,A3-cuda,update,0.846700,0.848496,0.849768,0.843764,0.846392,30,"2782, 13801, 60, 78.59"
2,1,"NVIDIA GeForce RTX 5060",120,30,tartan-p003-cold,coldwarm,405269,0.010000,65536,10070,0.076828,8,65536,A4-rust,allocate,0.083656,0.084108,0.084260,0.083176,0.083658,30,"2782, 13801, 60, 78.59"
2,1,"NVIDIA GeForce RTX 5060",120,30,tartan-p003-cold,coldwarm,405269,0.010000,65536,10070,0.076828,8,65536,A4-rust,update,0.848460,0.851020,0.851104,0.845484,0.848501,30,"2782, 13801, 60, 78.59"
2,1,"NVIDIA GeForce RTX 5060",120,30,tartan-p003-cold,coldwarm,405269,0.010000,65536,10070,0.076828,8,65536,A5-triton,allocate,1.221972,1.223976,1.224788,1.219984,1.221954,30,"2782, 13801, 60, 78.59"
2,1,"NVIDIA GeForce RTX 5060",120,30,tartan-p003-cold,coldwarm,405269,0.010000,65536,10070,0.076828,8,65536,A5-triton,update,1.058340,1.059916,1.059928,1.055812,1.057877,30,"2782, 13801, 60, 78.59"
2,1,"NVIDIA GeForce RTX 5060",120,30,tartan-p001-cold,coldwarm,374692,0.010000,65536,4478,0.034164,8,65536,A3-cuda,allocate,0.057544,0.058208,0.058428,0.057276,0.057607,30,"2782, 13801, 59, 76.70"
2,1,"NVIDIA GeForce RTX 5060",120,30,tartan-p001-cold,coldwarm,374692,0.010000,65536,4478,0.034164,8,65536,A3-cuda,update,0.593628,0.596248,0.596448,0.592188,0.593826,30,"2782, 13801, 59, 76.70"
2,1,"NVIDIA GeForce RTX 5060",120,30,tartan-p001-cold,coldwarm,374692,0.010000,65536,4478,0.034164,8,65536,A4-rust,allocate,0.068624,0.068924,0.069100,0.068328,0.068611,30,"2782, 13801, 59, 76.70"
2,1,"NVIDIA GeForce RTX 5060",120,30,tartan-p001-cold,coldwarm,374692,0.010000,65536,4478,0.034164,8,65536,A4-rust,update,0.601100,0.603916,0.604892,0.598028,0.600986,30,"2782, 13801, 59, 76.70"
2,1,"NVIDIA GeForce RTX 5060",120,30,tartan-p001-cold,coldwarm,374692,0.010000,65536,4478,0.034164,8,65536,A5-triton,allocate,1.138676,1.141820,1.142688,1.136392,1.138798,30,"2782, 13801, 59, 76.70"
2,1,"NVIDIA GeForce RTX 5060",120,30,tartan-p001-cold,coldwarm,374692,0.010000,65536,4478,0.034164,8,65536,A5-triton,update,0.703544,0.705564,0.705604,0.701972,0.703786,30,"2782, 13801, 59, 76.70"
3,0,"NVIDIA GeForce RTX 5070 Ti",120,70,base,baseline,320000,0.010000,16384,1160,0.035400,8,65536,A3-cuda,allocate,0.028028,0.028332,0.028336,0.027600,0.028005,30,"2827, 13801, 45, 87.72"
3,0,"NVIDIA GeForce RTX 5070 Ti",120,70,base,baseline,320000,0.010000,16384,1160,0.035400,8,65536,A3-cuda,update,0.250108,0.251836,0.253588,0.248456,0.250233,30,"2827, 13801, 45, 87.72"
3,0,"NVIDIA GeForce RTX 5070 Ti",120,70,base,baseline,320000,0.010000,16384,1160,0.035400,8,65536,A4-rust,allocate,0.036732,0.037168,0.037284,0.035996,0.036716,30,"2827, 13801, 45, 87.72"
3,0,"NVIDIA GeForce RTX 5070 Ti",120,70,base,baseline,320000,0.010000,16384,1160,0.035400,8,65536,A4-rust,update,0.269896,0.271976,0.274860,0.266780,0.269967,30,"2827, 13801, 45, 87.72"
3,0,"NVIDIA GeForce RTX 5070 Ti",120,70,base,baseline,320000,0.010000,16384,1160,0.035400,8,65536,A5-triton,allocate,0.500604,0.502924,0.503724,0.497824,0.500590,30,"2827, 13801, 45, 87.72"
3,0,"NVIDIA GeForce RTX 5070 Ti",120,70,base,baseline,320000,0.010000,16384,1160,0.035400,8,65536,A5-triton,update,0.327912,0.329428,0.330220,0.325032,0.327628,30,"2827, 13801, 45, 87.72"
3,0,"NVIDIA GeForce RTX 5070 Ti",120,70,pts-20k,points,20000,0.010000,16384,1104,0.033691,8,65536,A3-cuda,allocate,0.004984,0.005532,0.005732,0.004784,0.005044,30,"2827, 13801, 43, 148.40"
3,0,"NVIDIA GeForce RTX 5070 Ti",120,70,pts-20k,points,20000,0.010000,16384,1104,0.033691,8,65536,A3-cuda,update,0.034812,0.035896,0.036072,0.034248,0.034953,30,"2827, 13801, 43, 148.40"
3,0,"NVIDIA GeForce RTX 5070 Ti",120,70,pts-20k,points,20000,0.010000,16384,1104,0.033691,8,65536,A4-rust,allocate,0.016604,0.016908,0.016912,0.016320,0.016635,30,"2827, 13801, 43, 148.40"
3,0,"NVIDIA GeForce RTX 5070 Ti",120,70,pts-20k,points,20000,0.010000,16384,1104,0.033691,8,65536,A4-rust,update,0.041136,0.041648,0.041736,0.040212,0.041050,30,"2827, 13801, 43, 148.40"
3,0,"NVIDIA GeForce RTX 5070 Ti",120,70,pts-20k,points,20000,0.010000,16384,1104,0.033691,8,65536,A5-triton,allocate,0.085668,0.086136,0.086472,0.085052,0.085661,30,"2827, 13801, 43, 148.40"
3,0,"NVIDIA GeForce RTX 5070 Ti",120,70,pts-20k,points,20000,0.010000,16384,1104,0.033691,8,65536,A5-triton,update,0.088196,0.088724,0.088748,0.087444,0.088138,30,"2827, 13801, 43, 148.40"
3,0,"NVIDIA GeForce RTX 5070 Ti",120,70,pts-80k,points,80000,0.010000,16384,1160,0.035400,8,65536,A3-cuda,allocate,0.010552,0.011296,0.011336,0.010220,0.010661,30,"2827, 13801, 45, 150.96"
3,0,"NVIDIA GeForce RTX 5070 Ti",120,70,pts-80k,points,80000,0.010000,16384,1160,0.035400,8,65536,A3-cuda,update,0.069776,0.070548,0.070552,0.068500,0.069685,30,"2827, 13801, 45, 150.96"
3,0,"NVIDIA GeForce RTX 5070 Ti",120,70,pts-80k,points,80000,0.010000,16384,1160,0.035400,8,65536,A4-rust,allocate,0.017596,0.017988,0.018040,0.016996,0.017539,30,"2827, 13801, 45, 150.96"
3,0,"NVIDIA GeForce RTX 5070 Ti",120,70,pts-80k,points,80000,0.010000,16384,1160,0.035400,8,65536,A4-rust,update,0.082480,0.083668,0.083980,0.080856,0.082548,30,"2827, 13801, 45, 150.96"
3,0,"NVIDIA GeForce RTX 5070 Ti",120,70,pts-80k,points,80000,0.010000,16384,1160,0.035400,8,65536,A5-triton,allocate,0.149672,0.150216,0.150228,0.148916,0.149600,30,"2827, 13801, 45, 150.96"
3,0,"NVIDIA GeForce RTX 5070 Ti",120,70,pts-80k,points,80000,0.010000,16384,1160,0.035400,8,65536,A5-triton,update,0.118248,0.119392,0.119796,0.117088,0.118286,30,"2827, 13801, 45, 150.96"
3,0,"NVIDIA GeForce RTX 5070 Ti",120,70,pts-720k,points,720000,0.010000,16384,1160,0.035400,8,65536,A3-cuda,allocate,0.051460,0.052900,0.053272,0.051048,0.051797,30,"2827, 13801, 47, 168.58"
3,0,"NVIDIA GeForce RTX 5070 Ti",120,70,pts-720k,points,720000,0.010000,16384,1160,0.035400,8,65536,A3-cuda,update,0.544776,0.548040,0.549852,0.538888,0.544610,30,"2827, 13801, 47, 168.58"
3,0,"NVIDIA GeForce RTX 5070 Ti",120,70,pts-720k,points,720000,0.010000,16384,1160,0.035400,8,65536,A4-rust,allocate,0.062492,0.063420,0.063476,0.061696,0.062513,30,"2827, 13801, 47, 168.58"
3,0,"NVIDIA GeForce RTX 5070 Ti",120,70,pts-720k,points,720000,0.010000,16384,1160,0.035400,8,65536,A4-rust,update,0.565088,0.570280,0.570460,0.561296,0.565327,30,"2827, 13801, 47, 168.58"
3,0,"NVIDIA GeForce RTX 5070 Ti",120,70,pts-720k,points,720000,0.010000,16384,1160,0.035400,8,65536,A5-triton,allocate,1.125448,1.129996,1.131240,1.118040,1.125416,30,"2827, 13801, 47, 168.58"
3,0,"NVIDIA GeForce RTX 5070 Ti",120,70,pts-720k,points,720000,0.010000,16384,1160,0.035400,8,65536,A5-triton,update,0.640884,0.645368,0.646008,0.637740,0.641393,30,"2827, 13801, 47, 168.58"
3,0,"NVIDIA GeForce RTX 5070 Ti",120,70,pts-1280k,points,1280000,0.010000,16384,1160,0.035400,8,65536,A3-cuda,allocate,0.079016,0.080264,0.080272,0.078508,0.079293,30,"2827, 13801, 49, 170.72"
3,0,"NVIDIA GeForce RTX 5070 Ti",120,70,pts-1280k,points,1280000,0.010000,16384,1160,0.035400,8,65536,A3-cuda,update,0.895884,0.900736,0.903564,0.890224,0.895930,30,"2827, 13801, 49, 170.72"
3,0,"NVIDIA GeForce RTX 5070 Ti",120,70,pts-1280k,points,1280000,0.010000,16384,1160,0.035400,8,65536,A4-rust,allocate,0.095276,0.096944,0.097352,0.093404,0.095351,30,"2827, 13801, 49, 170.72"
3,0,"NVIDIA GeForce RTX 5070 Ti",120,70,pts-1280k,points,1280000,0.010000,16384,1160,0.035400,8,65536,A4-rust,update,0.929068,0.933672,0.934428,0.921852,0.928837,30,"2827, 13801, 49, 170.72"
3,0,"NVIDIA GeForce RTX 5070 Ti",120,70,pts-1280k,points,1280000,0.010000,16384,1160,0.035400,8,65536,A5-triton,allocate,1.940904,1.946448,1.947616,1.935704,1.941915,30,"2827, 13801, 49, 170.72"
3,0,"NVIDIA GeForce RTX 5070 Ti",120,70,pts-1280k,points,1280000,0.010000,16384,1160,0.035400,8,65536,A5-triton,update,1.042420,1.050952,1.052496,1.036432,1.042539,30,"2827, 13801, 49, 170.72"
3,0,"NVIDIA GeForce RTX 5070 Ti",120,70,r-0.25,extent,320000,0.010000,16384,280,0.008545,8,65536,A3-cuda,allocate,0.023532,0.024824,0.024860,0.023164,0.023741,30,"2827, 13801, 47, 161.13"
3,0,"NVIDIA GeForce RTX 5070 Ti",120,70,r-0.25,extent,320000,0.010000,16384,280,0.008545,8,65536,A3-cuda,update,0.241800,0.246112,0.246184,0.238428,0.241951,30,"2827, 13801, 47, 161.13"
3,0,"NVIDIA GeForce RTX 5070 Ti",120,70,r-0.25,extent,320000,0.010000,16384,280,0.008545,8,65536,A4-rust,allocate,0.035532,0.036536,0.036624,0.034700,0.035526,30,"2827, 13801, 47, 161.13"
3,0,"NVIDIA GeForce RTX 5070 Ti",120,70,r-0.25,extent,320000,0.010000,16384,280,0.008545,8,65536,A4-rust,update,0.270740,0.274728,0.277792,0.265748,0.271202,30,"2827, 13801, 47, 161.13"
3,0,"NVIDIA GeForce RTX 5070 Ti",120,70,r-0.25,extent,320000,0.010000,16384,280,0.008545,8,65536,A5-triton,allocate,0.500716,0.503520,0.504228,0.497072,0.500987,30,"2827, 13801, 47, 161.13"
3,0,"NVIDIA GeForce RTX 5070 Ti",120,70,r-0.25,extent,320000,0.010000,16384,280,0.008545,8,65536,A5-triton,update,0.306372,0.310648,0.311016,0.303092,0.306332,30,"2827, 13801, 47, 161.13"
3,0,"NVIDIA GeForce RTX 5070 Ti",120,70,r-1.0,extent,320000,0.010000,65536,4752,0.036255,8,65536,A3-cuda,allocate,0.032488,0.032608,0.032740,0.031556,0.032432,30,"2827, 13801, 48, 173.01"
3,0,"NVIDIA GeForce RTX 5070 Ti",120,70,r-1.0,extent,320000,0.010000,65536,4752,0.036255,8,65536,A3-cuda,update,0.278352,0.279964,0.281484,0.275256,0.277775,30,"2827, 13801, 48, 173.01"
3,0,"NVIDIA GeForce RTX 5070 Ti",120,70,r-1.0,extent,320000,0.010000,65536,4752,0.036255,8,65536,A4-rust,allocate,0.041032,0.041552,0.041672,0.040220,0.041039,30,"2827, 13801, 48, 173.01"
3,0,"NVIDIA GeForce RTX 5070 Ti",120,70,r-1.0,extent,320000,0.010000,65536,4752,0.036255,8,65536,A4-rust,update,0.289912,0.291880,0.293080,0.287744,0.289875,30,"2827, 13801, 48, 173.01"
3,0,"NVIDIA GeForce RTX 5070 Ti",120,70,r-1.0,extent,320000,0.010000,65536,4752,0.036255,8,65536,A5-triton,allocate,0.502476,0.504528,0.506040,0.499888,0.502294,30,"2827, 13801, 48, 173.01"
3,0,"NVIDIA GeForce RTX 5070 Ti",120,70,r-1.0,extent,320000,0.010000,65536,4752,0.036255,8,65536,A5-triton,update,0.347336,0.350420,0.350448,0.343264,0.347249,30,"2827, 13801, 48, 173.01"
3,0,"NVIDIA GeForce RTX 5070 Ti",120,70,r-2.0,extent,320000,0.010000,131072,18160,0.069275,8,65536,A3-cuda,allocate,0.044736,0.044936,0.045004,0.043740,0.044648,30,"2827, 13801, 48, 169.84"
3,0,"NVIDIA GeForce RTX 5070 Ti",120,70,r-2.0,extent,320000,0.010000,131072,18160,0.069275,8,65536,A3-cuda,update,0.619656,0.622548,0.623876,0.617716,0.619841,30,"2827, 13801, 48, 169.84"
3,0,"NVIDIA GeForce RTX 5070 Ti",120,70,r-2.0,extent,320000,0.010000,131072,18160,0.069275,8,65536,A4-rust,allocate,0.051704,0.052452,0.052464,0.050944,0.051750,30,"2827, 13801, 48, 169.84"
3,0,"NVIDIA GeForce RTX 5070 Ti",120,70,r-2.0,extent,320000,0.010000,131072,18160,0.069275,8,65536,A4-rust,update,0.595320,0.596844,0.597488,0.592748,0.595287,30,"2827, 13801, 48, 169.84"
3,0,"NVIDIA GeForce RTX 5070 Ti",120,70,r-2.0,extent,320000,0.010000,131072,18160,0.069275,8,65536,A5-triton,allocate,0.507560,0.509360,0.509388,0.504620,0.507237,30,"2827, 13801, 48, 169.84"
3,0,"NVIDIA GeForce RTX 5070 Ti",120,70,r-2.0,extent,320000,0.010000,131072,18160,0.069275,8,65536,A5-triton,update,0.773876,0.776304,0.779900,0.769380,0.773591,30,"2827, 13801, 48, 169.84"
3,0,"NVIDIA GeForce RTX 5070 Ti",120,70,lf-sparse,loadfactor,320000,0.010000,18560,1160,0.017700,8,65536,A3-cuda,allocate,0.029016,0.029484,0.029556,0.027788,0.028740,30,"2827, 13801, 49, 160.94"
3,0,"NVIDIA GeForce RTX 5070 Ti",120,70,lf-sparse,loadfactor,320000,0.010000,18560,1160,0.017700,8,65536,A3-cuda,update,0.255320,0.257120,0.258456,0.252196,0.255311,30,"2827, 13801, 49, 160.94"
3,0,"NVIDIA GeForce RTX 5070 Ti",120,70,lf-sparse,loadfactor,320000,0.010000,18560,1160,0.017700,8,65536,A4-rust,allocate,0.042004,0.042468,0.042752,0.041004,0.041947,30,"2827, 13801, 49, 160.94"
3,0,"NVIDIA GeForce RTX 5070 Ti",120,70,lf-sparse,loadfactor,320000,0.010000,18560,1160,0.017700,8,65536,A4-rust,update,0.274964,0.278832,0.279068,0.271656,0.275442,30,"2827, 13801, 49, 160.94"
3,0,"NVIDIA GeForce RTX 5070 Ti",120,70,lf-sparse,loadfactor,320000,0.010000,18560,1160,0.017700,8,65536,A5-triton,allocate,0.503760,0.508372,0.508576,0.501040,0.503813,30,"2827, 13801, 49, 160.94"
3,0,"NVIDIA GeForce RTX 5070 Ti",120,70,lf-sparse,loadfactor,320000,0.010000,18560,1160,0.017700,8,65536,A5-triton,update,0.333032,0.335480,0.336628,0.329188,0.332749,30,"2827, 13801, 49, 160.94"
3,0,"NVIDIA GeForce RTX 5070 Ti",120,70,plane-320k,shape,320356,0.010000,16384,1060,0.032349,8,65536,A3-cuda,allocate,0.029432,0.029684,0.029784,0.028456,0.029286,30,"2827, 13801, 50, 158.72"
3,0,"NVIDIA GeForce RTX 5070 Ti",120,70,plane-320k,shape,320356,0.010000,16384,1060,0.032349,8,65536,A3-cuda,update,0.333836,0.335632,0.337208,0.330508,0.333929,30,"2827, 13801, 50, 158.72"
3,0,"NVIDIA GeForce RTX 5070 Ti",120,70,plane-320k,shape,320356,0.010000,16384,1060,0.032349,8,65536,A4-rust,allocate,0.035696,0.036148,0.036276,0.035220,0.035702,30,"2827, 13801, 50, 158.72"
3,0,"NVIDIA GeForce RTX 5070 Ti",120,70,plane-320k,shape,320356,0.010000,16384,1060,0.032349,8,65536,A4-rust,update,0.343084,0.345892,0.347948,0.340480,0.343303,30,"2827, 13801, 50, 158.72"
3,0,"NVIDIA GeForce RTX 5070 Ti",120,70,plane-320k,shape,320356,0.010000,16384,1060,0.032349,8,65536,A5-triton,allocate,0.501644,0.504512,0.504888,0.497848,0.501601,30,"2827, 13801, 50, 158.72"
3,0,"NVIDIA GeForce RTX 5070 Ti",120,70,plane-320k,shape,320356,0.010000,16384,1060,0.032349,8,65536,A5-triton,update,0.373368,0.375516,0.375992,0.369904,0.373291,30,"2827, 13801, 50, 158.72"
3,0,"NVIDIA GeForce RTX 5070 Ti",120,70,tartan-cold,real,407444,0.010000,65536,10245,0.078163,8,65536,A3-cuda,allocate,0.037276,0.037852,0.037956,0.036836,0.037296,30,"2827, 13801, 50, 179.23"
3,0,"NVIDIA GeForce RTX 5070 Ti",120,70,tartan-cold,real,407444,0.010000,65536,10245,0.078163,8,65536,A3-cuda,update,0.435200,0.437216,0.438132,0.433420,0.435534,30,"2827, 13801, 50, 179.23"
3,0,"NVIDIA GeForce RTX 5070 Ti",120,70,tartan-cold,real,407444,0.010000,65536,10245,0.078163,8,65536,A4-rust,allocate,0.045936,0.046288,0.046440,0.045572,0.045937,30,"2827, 13801, 50, 179.23"
3,0,"NVIDIA GeForce RTX 5070 Ti",120,70,tartan-cold,real,407444,0.010000,65536,10245,0.078163,8,65536,A4-rust,update,0.440304,0.442340,0.442512,0.438724,0.440462,30,"2827, 13801, 50, 179.23"
3,0,"NVIDIA GeForce RTX 5070 Ti",120,70,tartan-cold,real,407444,0.010000,65536,10245,0.078163,8,65536,A5-triton,allocate,0.663060,0.666116,0.666168,0.660324,0.663067,30,"2827, 13801, 50, 179.23"
3,0,"NVIDIA GeForce RTX 5070 Ti",120,70,tartan-cold,real,407444,0.010000,65536,10245,0.078163,8,65536,A5-triton,update,0.551152,0.552184,0.554480,0.548600,0.551100,30,"2827, 13801, 50, 179.23"
3,0,"NVIDIA GeForce RTX 5070 Ti",120,70,tartan-warm,real,407444,0.010000,65536,14332,0.109344,8,65536,A3-cuda,allocate,0.023220,0.023376,0.023408,0.022828,0.023186,30,"2827, 13801, 52, 195.37"
3,0,"NVIDIA GeForce RTX 5070 Ti",120,70,tartan-warm,real,407444,0.010000,65536,14332,0.109344,8,65536,A3-cuda,update,0.365084,0.366344,0.367372,0.362756,0.365129,30,"2827, 13801, 52, 195.37"
3,0,"NVIDIA GeForce RTX 5070 Ti",120,70,tartan-warm,real,407444,0.010000,65536,14332,0.109344,8,65536,A4-rust,allocate,0.028736,0.028956,0.029032,0.028052,0.028661,30,"2827, 13801, 52, 195.37"
3,0,"NVIDIA GeForce RTX 5070 Ti",120,70,tartan-warm,real,407444,0.010000,65536,14332,0.109344,8,65536,A4-rust,update,0.367564,0.369592,0.369616,0.364476,0.367530,30,"2827, 13801, 52, 195.37"
3,0,"NVIDIA GeForce RTX 5070 Ti",120,70,tartan-warm,real,407444,0.010000,65536,14332,0.109344,8,65536,A5-triton,allocate,0.662264,0.664592,0.666704,0.658564,0.662158,30,"2827, 13801, 52, 195.37"
3,0,"NVIDIA GeForce RTX 5070 Ti",120,70,tartan-warm,real,407444,0.010000,65536,14332,0.109344,8,65536,A5-triton,update,0.471256,0.473852,0.474824,0.468268,0.471120,30,"2827, 13801, 52, 195.37"
3,0,"NVIDIA GeForce RTX 5070 Ti",120,70,tartan-p001,real,374692,0.010000,65536,5582,0.042587,8,65536,A3-cuda,allocate,0.020116,0.022892,0.028492,0.019228,0.020444,30,"2820, 13801, 54, 197.95"
3,0,"NVIDIA GeForce RTX 5070 Ti",120,70,tartan-p001,real,374692,0.010000,65536,5582,0.042587,8,65536,A3-cuda,update,0.192588,0.194176,0.194804,0.192276,0.192916,30,"2820, 13801, 54, 197.95"
3,0,"NVIDIA GeForce RTX 5070 Ti",120,70,tartan-p001,real,374692,0.010000,65536,5582,0.042587,8,65536,A4-rust,allocate,0.027100,0.028848,0.029264,0.026680,0.027338,30,"2820, 13801, 54, 197.95"
3,0,"NVIDIA GeForce RTX 5070 Ti",120,70,tartan-p001,real,374692,0.010000,65536,5582,0.042587,8,65536,A4-rust,update,0.200948,0.201824,0.202180,0.199452,0.200893,30,"2820, 13801, 54, 197.95"
3,0,"NVIDIA GeForce RTX 5070 Ti",120,70,tartan-p001,real,374692,0.010000,65536,5582,0.042587,8,65536,A5-triton,allocate,0.637396,0.640532,0.641268,0.634272,0.637565,30,"2820, 13801, 54, 197.95"
3,0,"NVIDIA GeForce RTX 5070 Ti",120,70,tartan-p001,real,374692,0.010000,65536,5582,0.042587,8,65536,A5-triton,update,0.290224,0.291568,0.292416,0.289152,0.290324,30,"2820, 13801, 54, 197.95"
3,0,"NVIDIA GeForce RTX 5070 Ti",120,70,tartan-p003,real,405269,0.010000,65536,14945,0.114021,8,65536,A3-cuda,allocate,0.023176,0.023324,0.023352,0.022640,0.023138,30,"2820, 13801, 56, 198.29"
3,0,"NVIDIA GeForce RTX 5070 Ti",120,70,tartan-p003,real,405269,0.010000,65536,14945,0.114021,8,65536,A3-cuda,update,0.424196,0.425852,0.425860,0.422636,0.423928,30,"2820, 13801, 56, 198.29"
3,0,"NVIDIA GeForce RTX 5070 Ti",120,70,tartan-p003,real,405269,0.010000,65536,14945,0.114021,8,65536,A4-rust,allocate,0.028896,0.029268,0.029336,0.028764,0.028947,30,"2820, 13801, 56, 198.29"
3,0,"NVIDIA GeForce RTX 5070 Ti",120,70,tartan-p003,real,405269,0.010000,65536,14945,0.114021,8,65536,A4-rust,update,0.430264,0.431328,0.432092,0.428212,0.430119,30,"2820, 13801, 56, 198.29"
3,0,"NVIDIA GeForce RTX 5070 Ti",120,70,tartan-p003,real,405269,0.010000,65536,14945,0.114021,8,65536,A5-triton,allocate,0.661592,0.663564,0.664908,0.656688,0.661012,30,"2820, 13801, 56, 198.29"
3,0,"NVIDIA GeForce RTX 5070 Ti",120,70,tartan-p003,real,405269,0.010000,65536,14945,0.114021,8,65536,A5-triton,update,0.546348,0.547952,0.548668,0.545000,0.546460,30,"2820, 13801, 56, 198.29"
3,0,"NVIDIA GeForce RTX 5070 Ti",120,70,tartan-p004,real,400248,0.010000,65536,8663,0.066093,8,65536,A3-cuda,allocate,0.022132,0.023148,0.023156,0.021944,0.022237,30,"2820, 13801, 57, 200.32"
3,0,"NVIDIA GeForce RTX 5070 Ti",120,70,tartan-p004,real,400248,0.010000,65536,8663,0.066093,8,65536,A3-cuda,update,0.339828,0.340472,0.341212,0.338184,0.339675,30,"2820, 13801, 57, 200.32"
3,0,"NVIDIA GeForce RTX 5070 Ti",120,70,tartan-p004,real,400248,0.010000,65536,8663,0.066093,8,65536,A4-rust,allocate,0.028860,0.028972,0.029224,0.028720,0.028861,30,"2820, 13801, 57, 200.32"
3,0,"NVIDIA GeForce RTX 5070 Ti",120,70,tartan-p004,real,400248,0.010000,65536,8663,0.066093,8,65536,A4-rust,update,0.345028,0.346324,0.347128,0.343240,0.344877,30,"2820, 13801, 57, 200.32"
3,0,"NVIDIA GeForce RTX 5070 Ti",120,70,tartan-p004,real,400248,0.010000,65536,8663,0.066093,8,65536,A5-triton,allocate,0.654832,0.658036,0.660008,0.650604,0.654855,30,"2820, 13801, 57, 200.32"
3,0,"NVIDIA GeForce RTX 5070 Ti",120,70,tartan-p004,real,400248,0.010000,65536,8663,0.066093,8,65536,A5-triton,update,0.430804,0.432588,0.432600,0.428920,0.430854,30,"2820, 13801, 57, 200.32"
3,0,"NVIDIA GeForce RTX 5070 Ti",120,70,tartan-p005,real,401678,0.010000,65536,14219,0.108482,8,65536,A3-cuda,allocate,0.026592,0.027064,0.027596,0.026412,0.026638,30,"2820, 13801, 56, 195.89"
3,0,"NVIDIA GeForce RTX 5070 Ti",120,70,tartan-p005,real,401678,0.010000,65536,14219,0.108482,8,65536,A3-cuda,update,0.471788,0.473412,0.473484,0.467832,0.471082,30,"2820, 13801, 56, 195.89"
3,0,"NVIDIA GeForce RTX 5070 Ti",120,70,tartan-p005,real,401678,0.010000,65536,14219,0.108482,8,65536,A4-rust,allocate,0.034448,0.034916,0.034936,0.033788,0.034446,30,"2820, 13801, 56, 195.89"
3,0,"NVIDIA GeForce RTX 5070 Ti",120,70,tartan-p005,real,401678,0.010000,65536,14219,0.108482,8,65536,A4-rust,update,0.472060,0.474064,0.474472,0.469988,0.472167,30,"2820, 13801, 56, 195.89"
3,0,"NVIDIA GeForce RTX 5070 Ti",120,70,tartan-p005,real,401678,0.010000,65536,14219,0.108482,8,65536,A5-triton,allocate,0.659788,0.662864,0.663532,0.655708,0.659660,30,"2820, 13801, 56, 195.89"
3,0,"NVIDIA GeForce RTX 5070 Ti",120,70,tartan-p005,real,401678,0.010000,65536,14219,0.108482,8,65536,A5-triton,update,0.653936,0.656468,0.657956,0.650064,0.653735,30,"2820, 13801, 56, 195.89"
3,0,"NVIDIA GeForce RTX 5070 Ti",120,70,diner-p000,real,393624,0.010000,65536,12266,0.093582,8,65536,A3-cuda,allocate,0.024760,0.024856,0.024932,0.024416,0.024740,30,"2820, 13801, 58, 198.80"
3,0,"NVIDIA GeForce RTX 5070 Ti",120,70,diner-p000,real,393624,0.010000,65536,12266,0.093582,8,65536,A3-cuda,update,0.375624,0.376956,0.377096,0.373768,0.375829,30,"2820, 13801, 58, 198.80"
3,0,"NVIDIA GeForce RTX 5070 Ti",120,70,diner-p000,real,393624,0.010000,65536,12266,0.093582,8,65536,A4-rust,allocate,0.032920,0.033144,0.033308,0.032148,0.032838,30,"2820, 13801, 58, 198.80"
3,0,"NVIDIA GeForce RTX 5070 Ti",120,70,diner-p000,real,393624,0.010000,65536,12266,0.093582,8,65536,A4-rust,update,0.384720,0.386552,0.386788,0.381676,0.384531,30,"2820, 13801, 58, 198.80"
3,0,"NVIDIA GeForce RTX 5070 Ti",120,70,diner-p000,real,393624,0.010000,65536,12266,0.093582,8,65536,A5-triton,allocate,0.652880,0.654444,0.656412,0.649696,0.652853,30,"2820, 13801, 58, 198.80"
3,0,"NVIDIA GeForce RTX 5070 Ti",120,70,diner-p000,real,393624,0.010000,65536,12266,0.093582,8,65536,A5-triton,update,0.490352,0.492408,0.492644,0.487624,0.490399,30,"2820, 13801, 58, 198.80"
3,0,"NVIDIA GeForce RTX 5070 Ti",120,70,diner-p002,real,409600,0.010000,65536,2769,0.021126,8,65536,A3-cuda,allocate,0.021684,0.021816,0.022168,0.021444,0.021681,30,"2820, 13801, 60, 209.69"
3,0,"NVIDIA GeForce RTX 5070 Ti",120,70,diner-p002,real,409600,0.010000,65536,2769,0.021126,8,65536,A3-cuda,update,0.117048,0.117532,0.118560,0.115544,0.116900,30,"2820, 13801, 60, 209.69"
3,0,"NVIDIA GeForce RTX 5070 Ti",120,70,diner-p002,real,409600,0.010000,65536,2769,0.021126,8,65536,A4-rust,allocate,0.030596,0.030912,0.030932,0.029680,0.030494,30,"2820, 13801, 60, 209.69"
3,0,"NVIDIA GeForce RTX 5070 Ti",120,70,diner-p002,real,409600,0.010000,65536,2769,0.021126,8,65536,A4-rust,update,0.127208,0.128376,0.129580,0.125664,0.127184,30,"2820, 13801, 60, 209.69"
3,0,"NVIDIA GeForce RTX 5070 Ti",120,70,diner-p002,real,409600,0.010000,65536,2769,0.021126,8,65536,A5-triton,allocate,0.660328,0.664636,0.664928,0.656592,0.660050,30,"2820, 13801, 60, 209.69"
3,0,"NVIDIA GeForce RTX 5070 Ti",120,70,diner-p002,real,409600,0.010000,65536,2769,0.021126,8,65536,A5-triton,update,0.217572,0.218576,0.218724,0.216204,0.217406,30,"2820, 13801, 60, 209.69"
3,0,"NVIDIA GeForce RTX 5070 Ti",120,70,diner-p003,real,409600,0.010000,65536,15285,0.116615,8,65536,A3-cuda,allocate,0.023216,0.023328,0.023532,0.022908,0.023214,30,"2820, 13801, 59, 198.89"
3,0,"NVIDIA GeForce RTX 5070 Ti",120,70,diner-p003,real,409600,0.010000,65536,15285,0.116615,8,65536,A3-cuda,update,0.444424,0.445964,0.446080,0.442724,0.444462,30,"2820, 13801, 59, 198.89"
3,0,"NVIDIA GeForce RTX 5070 Ti",120,70,diner-p003,real,409600,0.010000,65536,15285,0.116615,8,65536,A4-rust,allocate,0.030900,0.031096,0.031264,0.030632,0.030902,30,"2820, 13801, 59, 198.89"
3,0,"NVIDIA GeForce RTX 5070 Ti",120,70,diner-p003,real,409600,0.010000,65536,15285,0.116615,8,65536,A4-rust,update,0.439756,0.441364,0.442624,0.437240,0.439771,30,"2820, 13801, 59, 198.89"
3,0,"NVIDIA GeForce RTX 5070 Ti",120,70,diner-p003,real,409600,0.010000,65536,15285,0.116615,8,65536,A5-triton,allocate,0.664576,0.667200,0.669568,0.659556,0.664364,30,"2820, 13801, 59, 198.89"
3,0,"NVIDIA GeForce RTX 5070 Ti",120,70,diner-p003,real,409600,0.010000,65536,15285,0.116615,8,65536,A5-triton,update,0.621808,0.623336,0.625992,0.618596,0.621674,30,"2820, 13801, 59, 198.89"
3,0,"NVIDIA GeForce RTX 5070 Ti",120,70,diner-p000-cold,coldwarm,393624,0.010000,65536,9321,0.071114,8,65536,A3-cuda,allocate,0.034108,0.034368,0.035764,0.033924,0.034169,30,"2820, 13801, 58, 182.05"
3,0,"NVIDIA GeForce RTX 5070 Ti",120,70,diner-p000-cold,coldwarm,393624,0.010000,65536,9321,0.071114,8,65536,A3-cuda,update,0.413960,0.415624,0.416888,0.412008,0.414151,30,"2820, 13801, 58, 182.05"
3,0,"NVIDIA GeForce RTX 5070 Ti",120,70,diner-p000-cold,coldwarm,393624,0.010000,65536,9321,0.071114,8,65536,A4-rust,allocate,0.044420,0.045024,0.045192,0.043924,0.044432,30,"2820, 13801, 58, 182.05"
3,0,"NVIDIA GeForce RTX 5070 Ti",120,70,diner-p000-cold,coldwarm,393624,0.010000,65536,9321,0.071114,8,65536,A4-rust,update,0.422364,0.424664,0.425956,0.418268,0.422288,30,"2820, 13801, 58, 182.05"
3,0,"NVIDIA GeForce RTX 5070 Ti",120,70,diner-p000-cold,coldwarm,393624,0.010000,65536,9321,0.071114,8,65536,A5-triton,allocate,0.653140,0.655900,0.656900,0.649992,0.653106,30,"2820, 13801, 58, 182.05"
3,0,"NVIDIA GeForce RTX 5070 Ti",120,70,diner-p000-cold,coldwarm,393624,0.010000,65536,9321,0.071114,8,65536,A5-triton,update,0.537908,0.539512,0.539512,0.536152,0.537910,30,"2820, 13801, 58, 182.05"
3,0,"NVIDIA GeForce RTX 5070 Ti",120,70,diner-p003-cold,coldwarm,409600,0.010000,65536,12550,0.095749,8,65536,A3-cuda,allocate,0.040100,0.040640,0.040792,0.039788,0.040137,30,"2820, 13801, 58, 180.74"
3,0,"NVIDIA GeForce RTX 5070 Ti",120,70,diner-p003-cold,coldwarm,409600,0.010000,65536,12550,0.095749,8,65536,A3-cuda,update,0.522604,0.524680,0.525672,0.521028,0.522822,30,"2820, 13801, 58, 180.74"
3,0,"NVIDIA GeForce RTX 5070 Ti",120,70,diner-p003-cold,coldwarm,409600,0.010000,65536,12550,0.095749,8,65536,A4-rust,allocate,0.049272,0.049588,0.049588,0.048564,0.049229,30,"2820, 13801, 58, 180.74"
3,0,"NVIDIA GeForce RTX 5070 Ti",120,70,diner-p003-cold,coldwarm,409600,0.010000,65536,12550,0.095749,8,65536,A4-rust,update,0.523220,0.525916,0.526184,0.520168,0.522994,30,"2820, 13801, 58, 180.74"
3,0,"NVIDIA GeForce RTX 5070 Ti",120,70,diner-p003-cold,coldwarm,409600,0.010000,65536,12550,0.095749,8,65536,A5-triton,allocate,0.666160,0.668612,0.669692,0.661520,0.665787,30,"2820, 13801, 58, 180.74"
3,0,"NVIDIA GeForce RTX 5070 Ti",120,70,diner-p003-cold,coldwarm,409600,0.010000,65536,12550,0.095749,8,65536,A5-triton,update,0.698620,0.701556,0.702036,0.695900,0.698592,30,"2820, 13801, 58, 180.74"
3,0,"NVIDIA GeForce RTX 5070 Ti",120,70,tartan-p003-cold,coldwarm,405269,0.010000,65536,10070,0.076828,8,65536,A3-cuda,allocate,0.038612,0.039244,0.039280,0.038088,0.038651,30,"2820, 13801, 58, 182.86"
3,0,"NVIDIA GeForce RTX 5070 Ti",120,70,tartan-p003-cold,coldwarm,405269,0.010000,65536,10070,0.076828,8,65536,A3-cuda,update,0.447216,0.447744,0.447876,0.444800,0.446688,30,"2820, 13801, 58, 182.86"
3,0,"NVIDIA GeForce RTX 5070 Ti",120,70,tartan-p003-cold,coldwarm,405269,0.010000,65536,10070,0.076828,8,65536,A4-rust,allocate,0.047740,0.047936,0.048140,0.047328,0.047706,30,"2820, 13801, 58, 182.86"
3,0,"NVIDIA GeForce RTX 5070 Ti",120,70,tartan-p003-cold,coldwarm,405269,0.010000,65536,10070,0.076828,8,65536,A4-rust,update,0.454132,0.455896,0.456668,0.452568,0.454291,30,"2820, 13801, 58, 182.86"
3,0,"NVIDIA GeForce RTX 5070 Ti",120,70,tartan-p003-cold,coldwarm,405269,0.010000,65536,10070,0.076828,8,65536,A5-triton,allocate,0.662580,0.665556,0.665848,0.659520,0.662639,30,"2820, 13801, 58, 182.86"
3,0,"NVIDIA GeForce RTX 5070 Ti",120,70,tartan-p003-cold,coldwarm,405269,0.010000,65536,10070,0.076828,8,65536,A5-triton,update,0.566080,0.568176,0.568312,0.564828,0.566281,30,"2820, 13801, 58, 182.86"
3,0,"NVIDIA GeForce RTX 5070 Ti",120,70,tartan-p001-cold,coldwarm,374692,0.010000,65536,4478,0.034164,8,65536,A3-cuda,allocate,0.030844,0.031096,0.031120,0.029872,0.030583,30,"2820, 13801, 58, 180.65"
3,0,"NVIDIA GeForce RTX 5070 Ti",120,70,tartan-p001-cold,coldwarm,374692,0.010000,65536,4478,0.034164,8,65536,A3-cuda,update,0.310640,0.313000,0.313736,0.307712,0.310513,30,"2820, 13801, 58, 180.65"
3,0,"NVIDIA GeForce RTX 5070 Ti",120,70,tartan-p001-cold,coldwarm,374692,0.010000,65536,4478,0.034164,8,65536,A4-rust,allocate,0.041092,0.041424,0.041516,0.040348,0.041009,30,"2820, 13801, 58, 180.65"
3,0,"NVIDIA GeForce RTX 5070 Ti",120,70,tartan-p001-cold,coldwarm,374692,0.010000,65536,4478,0.034164,8,65536,A4-rust,update,0.319228,0.320992,0.322776,0.317088,0.319496,30,"2820, 13801, 58, 180.65"
3,0,"NVIDIA GeForce RTX 5070 Ti",120,70,tartan-p001-cold,coldwarm,374692,0.010000,65536,4478,0.034164,8,65536,A5-triton,allocate,0.639140,0.642732,0.643800,0.634980,0.639216,30,"2820, 13801, 58, 180.65"
3,0,"NVIDIA GeForce RTX 5070 Ti",120,70,tartan-p001-cold,coldwarm,374692,0.010000,65536,4478,0.034164,8,65536,A5-triton,update,0.403680,0.405480,0.406732,0.401360,0.403705,30,"2820, 13801, 58, 180.65"
3,1,"NVIDIA GeForce RTX 5060",120,30,base,baseline,320000,0.010000,16384,1160,0.035400,8,65536,A3-cuda,allocate,0.054004,0.054392,0.054464,0.053276,0.053937,30,"2782, 13801, 47, 77.16"
3,1,"NVIDIA GeForce RTX 5060",120,30,base,baseline,320000,0.010000,16384,1160,0.035400,8,65536,A3-cuda,update,0.457472,0.459720,0.462012,0.453960,0.457460,30,"2782, 13801, 47, 77.16"
3,1,"NVIDIA GeForce RTX 5060",120,30,base,baseline,320000,0.010000,16384,1160,0.035400,8,65536,A4-rust,allocate,0.063236,0.063760,0.063832,0.062352,0.063189,30,"2782, 13801, 47, 77.16"
3,1,"NVIDIA GeForce RTX 5060",120,30,base,baseline,320000,0.010000,16384,1160,0.035400,8,65536,A4-rust,update,0.476020,0.479888,0.480092,0.471124,0.475842,30,"2782, 13801, 47, 77.16"
3,1,"NVIDIA GeForce RTX 5060",120,30,base,baseline,320000,0.010000,16384,1160,0.035400,8,65536,A5-triton,allocate,0.966476,0.967900,0.968212,0.964512,0.966375,30,"2782, 13801, 47, 77.16"
3,1,"NVIDIA GeForce RTX 5060",120,30,base,baseline,320000,0.010000,16384,1160,0.035400,8,65536,A5-triton,update,0.559900,0.562752,0.562752,0.557864,0.560095,30,"2782, 13801, 47, 77.16"
3,1,"NVIDIA GeForce RTX 5060",120,30,pts-20k,points,20000,0.010000,16384,1104,0.033691,8,65536,A3-cuda,allocate,0.008300,0.008484,0.009496,0.008052,0.008336,30,"2790, 13801, 46, 63.51"
3,1,"NVIDIA GeForce RTX 5060",120,30,pts-20k,points,20000,0.010000,16384,1104,0.033691,8,65536,A3-cuda,update,0.063692,0.064352,0.064724,0.062448,0.063676,30,"2790, 13801, 46, 63.51"
3,1,"NVIDIA GeForce RTX 5060",120,30,pts-20k,points,20000,0.010000,16384,1104,0.033691,8,65536,A4-rust,allocate,0.018552,0.018952,0.019316,0.018212,0.018596,30,"2790, 13801, 46, 63.51"
3,1,"NVIDIA GeForce RTX 5060",120,30,pts-20k,points,20000,0.010000,16384,1104,0.033691,8,65536,A4-rust,update,0.064132,0.064780,0.065680,0.063004,0.064126,30,"2790, 13801, 46, 63.51"
3,1,"NVIDIA GeForce RTX 5060",120,30,pts-20k,points,20000,0.010000,16384,1104,0.033691,8,65536,A5-triton,allocate,0.094996,0.095512,0.095724,0.094516,0.095007,30,"2790, 13801, 46, 63.51"
3,1,"NVIDIA GeForce RTX 5060",120,30,pts-20k,points,20000,0.010000,16384,1104,0.033691,8,65536,A5-triton,update,0.099816,0.100400,0.100416,0.099200,0.099821,30,"2790, 13801, 46, 63.51"
3,1,"NVIDIA GeForce RTX 5060",120,30,pts-80k,points,80000,0.010000,16384,1160,0.035400,8,65536,A3-cuda,allocate,0.019096,0.019408,0.020248,0.018792,0.019139,30,"2790, 13801, 47, 63.76"
3,1,"NVIDIA GeForce RTX 5060",120,30,pts-80k,points,80000,0.010000,16384,1160,0.035400,8,65536,A3-cuda,update,0.131816,0.133388,0.133476,0.130032,0.131883,30,"2790, 13801, 47, 63.76"
3,1,"NVIDIA GeForce RTX 5060",120,30,pts-80k,points,80000,0.010000,16384,1160,0.035400,8,65536,A4-rust,allocate,0.025252,0.025764,0.025792,0.024796,0.025247,30,"2790, 13801, 47, 63.76"
3,1,"NVIDIA GeForce RTX 5060",120,30,pts-80k,points,80000,0.010000,16384,1160,0.035400,8,65536,A4-rust,update,0.141452,0.143156,0.143636,0.139056,0.141429,30,"2790, 13801, 47, 63.76"
3,1,"NVIDIA GeForce RTX 5060",120,30,pts-80k,points,80000,0.010000,16384,1160,0.035400,8,65536,A5-triton,allocate,0.306664,0.315748,0.317612,0.300212,0.307512,30,"2790, 13801, 47, 63.76"
3,1,"NVIDIA GeForce RTX 5060",120,30,pts-80k,points,80000,0.010000,16384,1160,0.035400,8,65536,A5-triton,update,0.190656,0.192200,0.192248,0.188344,0.190626,30,"2790, 13801, 47, 63.76"
3,1,"NVIDIA GeForce RTX 5060",120,30,pts-720k,points,720000,0.010000,16384,1160,0.035400,8,65536,A3-cuda,allocate,0.102200,0.103348,0.103556,0.101660,0.102276,30,"2782, 13801, 51, 82.71"
3,1,"NVIDIA GeForce RTX 5060",120,30,pts-720k,points,720000,0.010000,16384,1160,0.035400,8,65536,A3-cuda,update,0.964192,0.969644,0.970080,0.959280,0.964467,30,"2782, 13801, 51, 82.71"
3,1,"NVIDIA GeForce RTX 5060",120,30,pts-720k,points,720000,0.010000,16384,1160,0.035400,8,65536,A4-rust,allocate,0.116236,0.117676,0.118208,0.114904,0.116293,30,"2782, 13801, 51, 82.71"
3,1,"NVIDIA GeForce RTX 5060",120,30,pts-720k,points,720000,0.010000,16384,1160,0.035400,8,65536,A4-rust,update,0.983636,0.990388,0.990872,0.977544,0.983721,30,"2782, 13801, 51, 82.71"
3,1,"NVIDIA GeForce RTX 5060",120,30,pts-720k,points,720000,0.010000,16384,1160,0.035400,8,65536,A5-triton,allocate,2.152492,2.155008,2.155620,2.147800,2.151819,30,"2782, 13801, 51, 82.71"
3,1,"NVIDIA GeForce RTX 5060",120,30,pts-720k,points,720000,0.010000,16384,1160,0.035400,8,65536,A5-triton,update,1.144580,1.147952,1.148228,1.141004,1.144526,30,"2782, 13801, 51, 82.71"
3,1,"NVIDIA GeForce RTX 5060",120,30,pts-1280k,points,1280000,0.010000,16384,1160,0.035400,8,65536,A3-cuda,allocate,0.167772,0.168212,0.169176,0.166392,0.167665,30,"2790, 13801, 50, 87.12"
3,1,"NVIDIA GeForce RTX 5060",120,30,pts-1280k,points,1280000,0.010000,16384,1160,0.035400,8,65536,A3-cuda,update,1.544568,1.551728,1.553360,1.534956,1.544907,30,"2790, 13801, 50, 87.12"
3,1,"NVIDIA GeForce RTX 5060",120,30,pts-1280k,points,1280000,0.010000,16384,1160,0.035400,8,65536,A4-rust,allocate,0.185972,0.188048,0.189100,0.184312,0.186043,30,"2790, 13801, 50, 87.12"
3,1,"NVIDIA GeForce RTX 5060",120,30,pts-1280k,points,1280000,0.010000,16384,1160,0.035400,8,65536,A4-rust,update,1.549212,1.558420,1.558612,1.542948,1.550254,30,"2790, 13801, 50, 87.12"
3,1,"NVIDIA GeForce RTX 5060",120,30,pts-1280k,points,1280000,0.010000,16384,1160,0.035400,8,65536,A5-triton,allocate,3.853164,3.857168,3.858204,3.845936,3.853077,30,"2790, 13801, 50, 87.12"
3,1,"NVIDIA GeForce RTX 5060",120,30,pts-1280k,points,1280000,0.010000,16384,1160,0.035400,8,65536,A5-triton,update,1.855912,1.860176,1.862216,1.851288,1.855753,30,"2790, 13801, 50, 87.12"
3,1,"NVIDIA GeForce RTX 5060",120,30,r-0.25,extent,320000,0.010000,16384,280,0.008545,8,65536,A3-cuda,allocate,0.044412,0.045104,0.046040,0.043412,0.044432,30,"2790, 13801, 50, 75.83"
3,1,"NVIDIA GeForce RTX 5060",120,30,r-0.25,extent,320000,0.010000,16384,280,0.008545,8,65536,A3-cuda,update,0.413676,0.418520,0.418536,0.410468,0.413702,30,"2790, 13801, 50, 75.83"
3,1,"NVIDIA GeForce RTX 5060",120,30,r-0.25,extent,320000,0.010000,16384,280,0.008545,8,65536,A4-rust,allocate,0.057528,0.058128,0.058132,0.056052,0.057405,30,"2790, 13801, 50, 75.83"
3,1,"NVIDIA GeForce RTX 5060",120,30,r-0.25,extent,320000,0.010000,16384,280,0.008545,8,65536,A4-rust,update,0.438404,0.445588,0.448436,0.433068,0.439295,30,"2790, 13801, 50, 75.83"
3,1,"NVIDIA GeForce RTX 5060",120,30,r-0.25,extent,320000,0.010000,16384,280,0.008545,8,65536,A5-triton,allocate,0.968872,0.971016,0.973192,0.967104,0.969051,30,"2790, 13801, 50, 75.83"
3,1,"NVIDIA GeForce RTX 5060",120,30,r-0.25,extent,320000,0.010000,16384,280,0.008545,8,65536,A5-triton,update,0.508344,0.510184,0.510632,0.505268,0.508171,30,"2790, 13801, 50, 75.83"
3,1,"NVIDIA GeForce RTX 5060",120,30,r-1.0,extent,320000,0.010000,65536,4752,0.036255,8,65536,A3-cuda,allocate,0.061676,0.062144,0.062240,0.060792,0.061613,30,"2790, 13801, 50, 71.84"
3,1,"NVIDIA GeForce RTX 5060",120,30,r-1.0,extent,320000,0.010000,65536,4752,0.036255,8,65536,A3-cuda,update,0.523212,0.525788,0.525796,0.521568,0.523469,30,"2790, 13801, 50, 71.84"
3,1,"NVIDIA GeForce RTX 5060",120,30,r-1.0,extent,320000,0.010000,65536,4752,0.036255,8,65536,A4-rust,allocate,0.069328,0.069940,0.070064,0.068780,0.069318,30,"2790, 13801, 50, 71.84"
3,1,"NVIDIA GeForce RTX 5060",120,30,r-1.0,extent,320000,0.010000,65536,4752,0.036255,8,65536,A4-rust,update,0.533016,0.535564,0.535592,0.529664,0.533137,30,"2790, 13801, 50, 71.84"
3,1,"NVIDIA GeForce RTX 5060",120,30,r-1.0,extent,320000,0.010000,65536,4752,0.036255,8,65536,A5-triton,allocate,0.967708,0.969472,0.970176,0.964816,0.967600,30,"2790, 13801, 50, 71.84"
3,1,"NVIDIA GeForce RTX 5060",120,30,r-1.0,extent,320000,0.010000,65536,4752,0.036255,8,65536,A5-triton,update,0.652604,0.654140,0.654152,0.649072,0.652297,30,"2790, 13801, 50, 71.84"
3,1,"NVIDIA GeForce RTX 5060",120,30,r-2.0,extent,320000,0.010000,131072,18160,0.069275,4,65536,A3-cuda,allocate,0.087592,0.088560,0.088840,0.086464,0.087540,30,"2790, 13801, 50, 69.42"
3,1,"NVIDIA GeForce RTX 5060",120,30,r-2.0,extent,320000,0.010000,131072,18160,0.069275,4,65536,A3-cuda,update,1.179296,1.184472,1.184728,1.172200,1.179661,30,"2790, 13801, 50, 69.42"
3,1,"NVIDIA GeForce RTX 5060",120,30,r-2.0,extent,320000,0.010000,131072,18160,0.069275,4,65536,A4-rust,allocate,0.089536,0.090152,0.090672,0.088664,0.089502,30,"2790, 13801, 50, 69.42"
3,1,"NVIDIA GeForce RTX 5060",120,30,r-2.0,extent,320000,0.010000,131072,18160,0.069275,4,65536,A4-rust,update,1.157168,1.161320,1.163360,1.150560,1.156501,30,"2790, 13801, 50, 69.42"
3,1,"NVIDIA GeForce RTX 5060",120,30,r-2.0,extent,320000,0.010000,131072,18160,0.069275,4,65536,A5-triton,allocate,0.982296,0.985080,0.985240,0.979272,0.982435,30,"2790, 13801, 50, 69.42"
3,1,"NVIDIA GeForce RTX 5060",120,30,r-2.0,extent,320000,0.010000,131072,18160,0.069275,4,65536,A5-triton,update,1.698656,1.704320,1.706352,1.694288,1.699060,30,"2790, 13801, 50, 69.42"
3,1,"NVIDIA GeForce RTX 5060",120,30,lf-sparse,loadfactor,320000,0.010000,18560,1160,0.017700,8,65536,A3-cuda,allocate,0.050360,0.051132,0.051220,0.049764,0.050475,30,"2790, 13801, 51, 70.89"
3,1,"NVIDIA GeForce RTX 5060",120,30,lf-sparse,loadfactor,320000,0.010000,18560,1160,0.017700,8,65536,A3-cuda,update,0.458860,0.461372,0.464880,0.456508,0.459148,30,"2790, 13801, 51, 70.89"
3,1,"NVIDIA GeForce RTX 5060",120,30,lf-sparse,loadfactor,320000,0.010000,18560,1160,0.017700,8,65536,A4-rust,allocate,0.059272,0.059984,0.060072,0.058620,0.059241,30,"2790, 13801, 51, 70.89"
3,1,"NVIDIA GeForce RTX 5060",120,30,lf-sparse,loadfactor,320000,0.010000,18560,1160,0.017700,8,65536,A4-rust,update,0.478128,0.481408,0.483748,0.474488,0.478211,30,"2790, 13801, 51, 70.89"
3,1,"NVIDIA GeForce RTX 5060",120,30,lf-sparse,loadfactor,320000,0.010000,18560,1160,0.017700,8,65536,A5-triton,allocate,0.965188,0.967056,0.968616,0.962568,0.965014,30,"2790, 13801, 51, 70.89"
3,1,"NVIDIA GeForce RTX 5060",120,30,lf-sparse,loadfactor,320000,0.010000,18560,1160,0.017700,8,65536,A5-triton,update,0.562992,0.565252,0.566568,0.559648,0.563094,30,"2790, 13801, 51, 70.89"
3,1,"NVIDIA GeForce RTX 5060",120,30,plane-320k,shape,320356,0.010000,16384,1060,0.032349,8,65536,A3-cuda,allocate,0.053272,0.054048,0.054180,0.052804,0.053356,30,"2782, 13801, 52, 76.14"
3,1,"NVIDIA GeForce RTX 5060",120,30,plane-320k,shape,320356,0.010000,16384,1060,0.032349,8,65536,A3-cuda,update,0.619940,0.623448,0.626020,0.614892,0.620334,30,"2782, 13801, 52, 76.14"
3,1,"NVIDIA GeForce RTX 5060",120,30,plane-320k,shape,320356,0.010000,16384,1060,0.032349,8,65536,A4-rust,allocate,0.058648,0.059100,0.059372,0.058276,0.058678,30,"2782, 13801, 52, 76.14"
3,1,"NVIDIA GeForce RTX 5060",120,30,plane-320k,shape,320356,0.010000,16384,1060,0.032349,8,65536,A4-rust,update,0.628216,0.631796,0.633336,0.622388,0.627591,30,"2782, 13801, 52, 76.14"
3,1,"NVIDIA GeForce RTX 5060",120,30,plane-320k,shape,320356,0.010000,16384,1060,0.032349,8,65536,A5-triton,allocate,0.965480,0.967404,0.968184,0.963492,0.965370,30,"2782, 13801, 52, 76.14"
3,1,"NVIDIA GeForce RTX 5060",120,30,plane-320k,shape,320356,0.010000,16384,1060,0.032349,8,65536,A5-triton,update,0.700736,0.702568,0.704564,0.696936,0.700457,30,"2782, 13801, 52, 76.14"
3,1,"NVIDIA GeForce RTX 5060",120,30,tartan-cold,real,407444,0.010000,65536,10245,0.078163,8,65536,A3-cuda,allocate,0.070940,0.071412,0.071536,0.070504,0.070969,30,"2790, 13801, 53, 75.48"
3,1,"NVIDIA GeForce RTX 5060",120,30,tartan-cold,real,407444,0.010000,65536,10245,0.078163,8,65536,A3-cuda,update,0.833252,0.835104,0.835176,0.831312,0.833560,30,"2790, 13801, 53, 75.48"
3,1,"NVIDIA GeForce RTX 5060",120,30,tartan-cold,real,407444,0.010000,65536,10245,0.078163,8,65536,A4-rust,allocate,0.080680,0.080964,0.081144,0.080224,0.080684,30,"2790, 13801, 53, 75.48"
3,1,"NVIDIA GeForce RTX 5060",120,30,tartan-cold,real,407444,0.010000,65536,10245,0.078163,8,65536,A4-rust,update,0.834752,0.837016,0.837276,0.832408,0.834824,30,"2790, 13801, 53, 75.48"
3,1,"NVIDIA GeForce RTX 5060",120,30,tartan-cold,real,407444,0.010000,65536,10245,0.078163,8,65536,A5-triton,allocate,1.225856,1.228012,1.228072,1.223068,1.225882,30,"2790, 13801, 53, 75.48"
3,1,"NVIDIA GeForce RTX 5060",120,30,tartan-cold,real,407444,0.010000,65536,10245,0.078163,8,65536,A5-triton,update,1.108524,1.111584,1.113152,1.104676,1.108780,30,"2790, 13801, 53, 75.48"
3,1,"NVIDIA GeForce RTX 5060",120,30,tartan-warm,real,407444,0.010000,65536,14332,0.109344,8,65536,A3-cuda,allocate,0.051540,0.052368,0.052496,0.051388,0.051588,30,"2782, 13801, 55, 92.34"
3,1,"NVIDIA GeForce RTX 5060",120,30,tartan-warm,real,407444,0.010000,65536,14332,0.109344,8,65536,A3-cuda,update,0.711520,0.713192,0.713668,0.708420,0.711329,30,"2782, 13801, 55, 92.34"
3,1,"NVIDIA GeForce RTX 5060",120,30,tartan-warm,real,407444,0.010000,65536,14332,0.109344,8,65536,A4-rust,allocate,0.057872,0.058144,0.058240,0.057596,0.057907,30,"2782, 13801, 55, 92.34"
3,1,"NVIDIA GeForce RTX 5060",120,30,tartan-warm,real,407444,0.010000,65536,14332,0.109344,8,65536,A4-rust,update,0.709396,0.711184,0.711444,0.706328,0.709094,30,"2782, 13801, 55, 92.34"
3,1,"NVIDIA GeForce RTX 5060",120,30,tartan-warm,real,407444,0.010000,65536,14332,0.109344,8,65536,A5-triton,allocate,1.222768,1.224408,1.225076,1.219952,1.222677,30,"2782, 13801, 55, 92.34"
3,1,"NVIDIA GeForce RTX 5060",120,30,tartan-warm,real,407444,0.010000,65536,14332,0.109344,8,65536,A5-triton,update,1.006048,1.009088,1.009144,1.002496,1.006038,30,"2782, 13801, 55, 92.34"
3,1,"NVIDIA GeForce RTX 5060",120,30,tartan-p001,real,374692,0.010000,65536,5582,0.042587,8,65536,A3-cuda,allocate,0.043440,0.043692,0.043936,0.043224,0.043452,30,"2782, 13801, 56, 92.99"
3,1,"NVIDIA GeForce RTX 5060",120,30,tartan-p001,real,374692,0.010000,65536,5582,0.042587,8,65536,A3-cuda,update,0.376792,0.378556,0.379604,0.375384,0.376756,30,"2782, 13801, 56, 92.99"
3,1,"NVIDIA GeForce RTX 5060",120,30,tartan-p001,real,374692,0.010000,65536,5582,0.042587,8,65536,A4-rust,allocate,0.051736,0.051936,0.051948,0.051504,0.051749,30,"2782, 13801, 56, 92.99"
3,1,"NVIDIA GeForce RTX 5060",120,30,tartan-p001,real,374692,0.010000,65536,5582,0.042587,8,65536,A4-rust,update,0.384024,0.385444,0.386956,0.382356,0.383998,30,"2782, 13801, 56, 92.99"
3,1,"NVIDIA GeForce RTX 5060",120,30,tartan-p001,real,374692,0.010000,65536,5582,0.042587,8,65536,A5-triton,allocate,1.136192,1.138632,1.139068,1.133788,1.136098,30,"2782, 13801, 56, 92.99"
3,1,"NVIDIA GeForce RTX 5060",120,30,tartan-p001,real,374692,0.010000,65536,5582,0.042587,8,65536,A5-triton,update,0.536444,0.537408,0.537668,0.535096,0.536437,30,"2782, 13801, 56, 92.99"
3,1,"NVIDIA GeForce RTX 5060",120,30,tartan-p003,real,405269,0.010000,65536,14945,0.114021,8,65536,A3-cuda,allocate,0.051212,0.052128,0.052136,0.050632,0.051190,30,"2782, 13801, 58, 96.52"
3,1,"NVIDIA GeForce RTX 5060",120,30,tartan-p003,real,405269,0.010000,65536,14945,0.114021,8,65536,A3-cuda,update,0.805348,0.807048,0.807320,0.802500,0.805292,30,"2782, 13801, 58, 96.52"
3,1,"NVIDIA GeForce RTX 5060",120,30,tartan-p003,real,405269,0.010000,65536,14945,0.114021,8,65536,A4-rust,allocate,0.058308,0.058956,0.058972,0.057756,0.058293,30,"2782, 13801, 58, 96.52"
3,1,"NVIDIA GeForce RTX 5060",120,30,tartan-p003,real,405269,0.010000,65536,14945,0.114021,8,65536,A4-rust,update,0.807756,0.809780,0.810036,0.805192,0.807701,30,"2782, 13801, 58, 96.52"
3,1,"NVIDIA GeForce RTX 5060",120,30,tartan-p003,real,405269,0.010000,65536,14945,0.114021,8,65536,A5-triton,allocate,1.217816,1.219364,1.220496,1.216484,1.217953,30,"2782, 13801, 58, 96.52"
3,1,"NVIDIA GeForce RTX 5060",120,30,tartan-p003,real,405269,0.010000,65536,14945,0.114021,8,65536,A5-triton,update,1.052740,1.054756,1.055476,1.050172,1.052845,30,"2782, 13801, 58, 96.52"
3,1,"NVIDIA GeForce RTX 5060",120,30,tartan-p004,real,400248,0.010000,65536,8663,0.066093,8,65536,A3-cuda,allocate,0.053576,0.056948,0.057752,0.048700,0.053118,30,"2782, 13801, 57, 95.74"
3,1,"NVIDIA GeForce RTX 5060",120,30,tartan-p004,real,400248,0.010000,65536,8663,0.066093,8,65536,A3-cuda,update,0.666544,0.669148,0.669316,0.664268,0.666797,30,"2782, 13801, 57, 95.74"
3,1,"NVIDIA GeForce RTX 5060",120,30,tartan-p004,real,400248,0.010000,65536,8663,0.066093,8,65536,A4-rust,allocate,0.061856,0.063996,0.064776,0.057028,0.061174,30,"2782, 13801, 57, 95.74"
3,1,"NVIDIA GeForce RTX 5060",120,30,tartan-p004,real,400248,0.010000,65536,8663,0.066093,8,65536,A4-rust,update,0.667544,0.669652,0.670888,0.665264,0.667435,30,"2782, 13801, 57, 95.74"
3,1,"NVIDIA GeForce RTX 5060",120,30,tartan-p004,real,400248,0.010000,65536,8663,0.066093,8,65536,A5-triton,allocate,1.205972,1.209852,1.209888,1.201220,1.205851,30,"2782, 13801, 57, 95.74"
3,1,"NVIDIA GeForce RTX 5060",120,30,tartan-p004,real,400248,0.010000,65536,8663,0.066093,8,65536,A5-triton,update,0.803636,0.806148,0.807564,0.800044,0.803449,30,"2782, 13801, 57, 95.74"
3,1,"NVIDIA GeForce RTX 5060",120,30,tartan-p005,real,401678,0.010000,65536,14219,0.108482,8,65536,A3-cuda,allocate,0.057704,0.058356,0.058736,0.057464,0.057753,30,"2782, 13801, 59, 93.36"
3,1,"NVIDIA GeForce RTX 5060",120,30,tartan-p005,real,401678,0.010000,65536,14219,0.108482,8,65536,A3-cuda,update,0.909812,0.911836,0.912812,0.905296,0.909725,30,"2782, 13801, 59, 93.36"
3,1,"NVIDIA GeForce RTX 5060",120,30,tartan-p005,real,401678,0.010000,65536,14219,0.108482,8,65536,A4-rust,allocate,0.067664,0.070000,0.070104,0.067072,0.067839,30,"2782, 13801, 59, 93.36"
3,1,"NVIDIA GeForce RTX 5060",120,30,tartan-p005,real,401678,0.010000,65536,14219,0.108482,8,65536,A4-rust,update,0.904336,0.907796,0.907920,0.901244,0.904757,30,"2782, 13801, 59, 93.36"
3,1,"NVIDIA GeForce RTX 5060",120,30,tartan-p005,real,401678,0.010000,65536,14219,0.108482,8,65536,A5-triton,allocate,1.212384,1.215680,1.215756,1.210676,1.212714,30,"2782, 13801, 59, 93.36"
3,1,"NVIDIA GeForce RTX 5060",120,30,tartan-p005,real,401678,0.010000,65536,14219,0.108482,8,65536,A5-triton,update,1.268972,1.273532,1.275380,1.264892,1.268938,30,"2782, 13801, 59, 93.36"
3,1,"NVIDIA GeForce RTX 5060",120,30,diner-p000,real,393624,0.010000,65536,12266,0.093582,8,65536,A3-cuda,allocate,0.053100,0.054068,0.054160,0.052856,0.053186,30,"2782, 13801, 62, 95.86"
3,1,"NVIDIA GeForce RTX 5060",120,30,diner-p000,real,393624,0.010000,65536,12266,0.093582,8,65536,A3-cuda,update,0.727024,0.728768,0.729160,0.723952,0.726834,30,"2782, 13801, 62, 95.86"
3,1,"NVIDIA GeForce RTX 5060",120,30,diner-p000,real,393624,0.010000,65536,12266,0.093582,8,65536,A4-rust,allocate,0.063812,0.064640,0.064648,0.063184,0.063921,30,"2782, 13801, 62, 95.86"
3,1,"NVIDIA GeForce RTX 5060",120,30,diner-p000,real,393624,0.010000,65536,12266,0.093582,8,65536,A4-rust,update,0.731800,0.734160,0.734212,0.729448,0.731774,30,"2782, 13801, 62, 95.86"
3,1,"NVIDIA GeForce RTX 5060",120,30,diner-p000,real,393624,0.010000,65536,12266,0.093582,8,65536,A5-triton,allocate,1.188168,1.190404,1.192212,1.186344,1.188435,30,"2782, 13801, 62, 95.86"
3,1,"NVIDIA GeForce RTX 5060",120,30,diner-p000,real,393624,0.010000,65536,12266,0.093582,8,65536,A5-triton,update,0.914820,0.917844,0.918548,0.910976,0.914793,30,"2782, 13801, 62, 95.86"
3,1,"NVIDIA GeForce RTX 5060",120,30,diner-p002,real,409600,0.010000,65536,2769,0.021126,8,65536,A3-cuda,allocate,0.048008,0.048260,0.048340,0.047792,0.048032,30,"2775, 13801, 61, 95.04"
3,1,"NVIDIA GeForce RTX 5060",120,30,diner-p002,real,409600,0.010000,65536,2769,0.021126,8,65536,A3-cuda,update,0.230852,0.231236,0.231396,0.229104,0.230581,30,"2775, 13801, 61, 95.04"
3,1,"NVIDIA GeForce RTX 5060",120,30,diner-p002,real,409600,0.010000,65536,2769,0.021126,8,65536,A4-rust,allocate,0.057884,0.058360,0.058656,0.057660,0.057964,30,"2775, 13801, 61, 95.04"
3,1,"NVIDIA GeForce RTX 5060",120,30,diner-p002,real,409600,0.010000,65536,2769,0.021126,8,65536,A4-rust,update,0.239500,0.240900,0.241672,0.237828,0.239607,30,"2775, 13801, 61, 95.04"
3,1,"NVIDIA GeForce RTX 5060",120,30,diner-p002,real,409600,0.010000,65536,2769,0.021126,8,65536,A5-triton,allocate,1.229132,1.230872,1.231616,1.225124,1.228971,30,"2775, 13801, 61, 95.04"
3,1,"NVIDIA GeForce RTX 5060",120,30,diner-p002,real,409600,0.010000,65536,2769,0.021126,8,65536,A5-triton,update,0.391612,0.392632,0.393148,0.390332,0.391615,30,"2775, 13801, 61, 95.04"
3,1,"NVIDIA GeForce RTX 5060",120,30,diner-p003,real,409600,0.010000,65536,15285,0.116615,8,65536,A3-cuda,allocate,0.051248,0.051916,0.051952,0.050928,0.051301,30,"2782, 13801, 61, 95.63"
3,1,"NVIDIA GeForce RTX 5060",120,30,diner-p003,real,409600,0.010000,65536,15285,0.116615,8,65536,A3-cuda,update,0.851408,0.855912,0.856044,0.848604,0.851657,30,"2782, 13801, 61, 95.63"
3,1,"NVIDIA GeForce RTX 5060",120,30,diner-p003,real,409600,0.010000,65536,15285,0.116615,8,65536,A4-rust,allocate,0.059932,0.060232,0.060256,0.059488,0.059939,30,"2782, 13801, 61, 95.63"
3,1,"NVIDIA GeForce RTX 5060",120,30,diner-p003,real,409600,0.010000,65536,15285,0.116615,8,65536,A4-rust,update,0.841300,0.843648,0.843952,0.837200,0.841176,30,"2782, 13801, 61, 95.63"
3,1,"NVIDIA GeForce RTX 5060",120,30,diner-p003,real,409600,0.010000,65536,15285,0.116615,8,65536,A5-triton,allocate,1.231828,1.233576,1.233656,1.229356,1.231814,30,"2782, 13801, 61, 95.63"
3,1,"NVIDIA GeForce RTX 5060",120,30,diner-p003,real,409600,0.010000,65536,15285,0.116615,8,65536,A5-triton,update,1.284544,1.288424,1.290000,1.276224,1.283989,30,"2782, 13801, 61, 95.63"
3,1,"NVIDIA GeForce RTX 5060",120,30,diner-p000-cold,coldwarm,393624,0.010000,65536,9321,0.071114,8,65536,A3-cuda,allocate,0.065528,0.066144,0.066344,0.065184,0.065539,30,"2782, 13801, 59, 77.93"
3,1,"NVIDIA GeForce RTX 5060",120,30,diner-p000-cold,coldwarm,393624,0.010000,65536,9321,0.071114,8,65536,A3-cuda,update,0.794560,0.797692,0.797792,0.790468,0.794151,30,"2782, 13801, 59, 77.93"
3,1,"NVIDIA GeForce RTX 5060",120,30,diner-p000-cold,coldwarm,393624,0.010000,65536,9321,0.071114,8,65536,A4-rust,allocate,0.076076,0.076592,0.076600,0.075248,0.076096,30,"2782, 13801, 59, 77.93"
3,1,"NVIDIA GeForce RTX 5060",120,30,diner-p000-cold,coldwarm,393624,0.010000,65536,9321,0.071114,8,65536,A4-rust,update,0.797844,0.799648,0.799924,0.794488,0.797685,30,"2782, 13801, 59, 77.93"
3,1,"NVIDIA GeForce RTX 5060",120,30,diner-p000-cold,coldwarm,393624,0.010000,65536,9321,0.071114,8,65536,A5-triton,allocate,1.187376,1.188672,1.188720,1.185060,1.187324,30,"2782, 13801, 59, 77.93"
3,1,"NVIDIA GeForce RTX 5060",120,30,diner-p000-cold,coldwarm,393624,0.010000,65536,9321,0.071114,8,65536,A5-triton,update,1.041312,1.043884,1.045152,1.038756,1.041324,30,"2782, 13801, 59, 77.93"
3,1,"NVIDIA GeForce RTX 5060",120,30,diner-p003-cold,coldwarm,409600,0.010000,65536,12550,0.095749,8,65536,A3-cuda,allocate,0.074320,0.074732,0.074860,0.074004,0.074313,30,"2782, 13801, 58, 78.11"
3,1,"NVIDIA GeForce RTX 5060",120,30,diner-p003-cold,coldwarm,409600,0.010000,65536,12550,0.095749,8,65536,A3-cuda,update,0.980708,0.983520,0.983772,0.977380,0.980948,30,"2782, 13801, 58, 78.11"
3,1,"NVIDIA GeForce RTX 5060",120,30,diner-p003-cold,coldwarm,409600,0.010000,65536,12550,0.095749,8,65536,A4-rust,allocate,0.085376,0.085800,0.085800,0.084856,0.085403,30,"2782, 13801, 58, 78.11"
3,1,"NVIDIA GeForce RTX 5060",120,30,diner-p003-cold,coldwarm,409600,0.010000,65536,12550,0.095749,8,65536,A4-rust,update,0.978296,0.981680,0.982656,0.975024,0.978240,30,"2782, 13801, 58, 78.11"
3,1,"NVIDIA GeForce RTX 5060",120,30,diner-p003-cold,coldwarm,409600,0.010000,65536,12550,0.095749,8,65536,A5-triton,allocate,1.235704,1.237844,1.237868,1.233776,1.235751,30,"2782, 13801, 58, 78.11"
3,1,"NVIDIA GeForce RTX 5060",120,30,diner-p003-cold,coldwarm,409600,0.010000,65536,12550,0.095749,8,65536,A5-triton,update,1.459136,1.461952,1.463692,1.452196,1.458695,30,"2782, 13801, 58, 78.11"
3,1,"NVIDIA GeForce RTX 5060",120,30,tartan-p003-cold,coldwarm,405269,0.010000,65536,10070,0.076828,8,65536,A3-cuda,allocate,0.074000,0.074168,0.074284,0.073208,0.073945,30,"2782, 13801, 60, 78.15"
3,1,"NVIDIA GeForce RTX 5060",120,30,tartan-p003-cold,coldwarm,405269,0.010000,65536,10070,0.076828,8,65536,A3-cuda,update,0.845700,0.848192,0.848352,0.843848,0.845848,30,"2782, 13801, 60, 78.15"
3,1,"NVIDIA GeForce RTX 5060",120,30,tartan-p003-cold,coldwarm,405269,0.010000,65536,10070,0.076828,8,65536,A4-rust,allocate,0.083920,0.084268,0.084308,0.083148,0.083826,30,"2782, 13801, 60, 78.15"
3,1,"NVIDIA GeForce RTX 5060",120,30,tartan-p003-cold,coldwarm,405269,0.010000,65536,10070,0.076828,8,65536,A4-rust,update,0.848544,0.849776,0.850040,0.846500,0.848363,30,"2782, 13801, 60, 78.15"
3,1,"NVIDIA GeForce RTX 5060",120,30,tartan-p003-cold,coldwarm,405269,0.010000,65536,10070,0.076828,8,65536,A5-triton,allocate,1.221504,1.223460,1.225288,1.219716,1.221795,30,"2782, 13801, 60, 78.15"
3,1,"NVIDIA GeForce RTX 5060",120,30,tartan-p003-cold,coldwarm,405269,0.010000,65536,10070,0.076828,8,65536,A5-triton,update,1.057652,1.058384,1.059104,1.055552,1.057525,30,"2782, 13801, 60, 78.15"
3,1,"NVIDIA GeForce RTX 5060",120,30,tartan-p001-cold,coldwarm,374692,0.010000,65536,4478,0.034164,8,65536,A3-cuda,allocate,0.057552,0.057812,0.057912,0.057212,0.057552,30,"2782, 13801, 59, 76.38"
3,1,"NVIDIA GeForce RTX 5060",120,30,tartan-p001-cold,coldwarm,374692,0.010000,65536,4478,0.034164,8,65536,A3-cuda,update,0.593368,0.595228,0.596440,0.592068,0.593577,30,"2782, 13801, 59, 76.38"
3,1,"NVIDIA GeForce RTX 5060",120,30,tartan-p001-cold,coldwarm,374692,0.010000,65536,4478,0.034164,8,65536,A4-rust,allocate,0.068580,0.068852,0.069028,0.068328,0.068590,30,"2782, 13801, 59, 76.38"
3,1,"NVIDIA GeForce RTX 5060",120,30,tartan-p001-cold,coldwarm,374692,0.010000,65536,4478,0.034164,8,65536,A4-rust,update,0.600632,0.603156,0.604188,0.598792,0.600825,30,"2782, 13801, 59, 76.38"
3,1,"NVIDIA GeForce RTX 5060",120,30,tartan-p001-cold,coldwarm,374692,0.010000,65536,4478,0.034164,8,65536,A5-triton,allocate,1.138944,1.141556,1.142336,1.136152,1.138937,30,"2782, 13801, 59, 76.38"
3,1,"NVIDIA GeForce RTX 5060",120,30,tartan-p001-cold,coldwarm,374692,0.010000,65536,4478,0.034164,8,65536,A5-triton,update,0.703564,0.705048,0.705324,0.702236,0.703588,30,"2782, 13801, 59, 76.38"
